Unix_time,GPS_data,motion_flag
1779390630360,$GPGGA,191030.000,1205.9928,S,07701.4567,W,2,07,1.4,144.9,M,8.4,M,2.0,0000*4D,0
1779390687119,$GPGSA,M,3,15,20,12,25,11,29,05,,,,,,2.2,1.4,1.7*31,0
1779390687120,$GPRMC,191030.000,A,1205.9928,S,07701.4567,W,0.00,296.59,210526,,,D*60,0
1779390687121,$GPGGA,191031.000,1205.9928,S,07701.4567,W,2,07,1.4,144.9,M,8.4,M,2.0,0000*4C,0
1779390687122,$GPGSA,M,3,15,20,12,25,11,29,05,,,,,,2.2,1.4,1.7*31,0
1779390687122,$GPRMC,191031.000,A,1205.9928,S,07701.4567,W,0.00,296.59,210526,,,D*61,0
1779390687123,$GPGGA,191032.000,1205.9928,S,07701.4567,W,2,07,1.4,144.9,M,8.4,M,2.0,0000*4F,0
1779390687124,$GPGSA,M,3,15,20,12,25,11,29,05,,,,,,2.2,1.4,1.7*31,0
1779390687124,$GPRMC,191032.000,A,1205.9928,S,07701.4567,W,0.00,296.59,210526,,,D*62,0
1779390687125,$GPGGA,191033.000,1205.9928,S,07701.4567,W,2,07,1.4,144.9,M,8.4,M,2.0,0000*4E,0
1779390687126,$GPGSA,M,3,15,20,12,25,11,29,05,,,,,,2.2,1.4,1.7*31,0
1779390687126,$GPGSV,3,1,12,15,70,323,42,20,52,021,43,12,47,225,40,25,25,265,35*78,0
1779390687127,$GPGSV,3,2,12,11,19,055,39,29,15,332,36,05,11,000,21,06,09,093,20*70,0
1779390687128,$GPGSV,3,3,12,13,41,038,42,19,20,137,41,24,44,179,39,48,33,280,38*74,0
1779390687128,$GPRMC,191033.000,A,1205.9928,S,07701.4567,W,0.00,296.59,210526,,,D*63,0
1779390687129,$GPGGA,191034.000,1205.9928,S,07701.4567,W,2,07,1.4,144.9,M,8.4,M,2.0,0000*49,0
1779390687130,$GPGSA,M,3,15,20,12,25,11,29,05,,,,,,2.2,1.4,1.7*31,0
1779390687131,$GPRMC,191034.000,A,1205.9928,S,07701.4567,W,0.00,296.59,210526,,,D*64,0
1779390687131,$GPGGA,191035.000,1205.9928,S,07701.4567,W,2,07,1.4,144.9,M,8.4,M,3.0,0000*49,0
1779390687132,$GPGSA,M,3,15,20,12,25,11,29,05,,,,,,2.2,1.4,1.7*31,0
1779390687133,$GPRMC,191035.000,A,1205.9928,S,07701.4567,W,0.00,296.59,210526,,,D*65,0
1779390687133,$GPGGA,191036.000,1205.9931,S,07701.4563,W,2,07,1.4,144.3,M,8.4,M,4.0,0000*4B,0
1779390687133,$GPGSA,M,3,15,20,12,25,11,29,05,,,,,,2.2,1.4,1.7*31,0
1779390687133,$GPRMC,191036.000,A,1205.9931,S,07701.4563,W,0.12,296.59,210526,,,D*69,0
1779390687133,$GPGGA,191037.000,1205.9931,S,07701.4563,W,2,07,1.4,144.3,M,8.4,M,2.0,0000*4C,0
1779390687134,$GPGSA,M,3,15,20,12,25,11,29,05,,,,,,2.2,1.4,1.7*31,0
1779390687134,$GPRMC,191037.000,A,1205.9931,S,07701.4563,W,0.01,296.59,210526,,,D*6A,0
1779390687134,$GPGGA,191038.000,1205.9931,S,07701.4563,W,2,07,1.4,144.2,M,8.4,M,2.0,0000*42,0
1779390687134,$GPGSA,M,3,15,20,12,25,11,29,05,,,,,,2.2,1.4,1.7*31,0
1779390687134,$GPGSV,3,1,12,15,70,323,41,20,52,021,44,12,47,225,40,25,25,265,34*7D,0
1779390687134,$GPGSV,3,2,12,11,19,055,39,29,15,332,36,05,11,000,23,06,09,093,21*73,0
1779390687134,$GPGSV,3,3,12,13,41,038,42,19,20,137,41,24,44,179,39,48,33,280,38*74,0
1779390687135,$GPRMC,191038.000,A,1205.9931,S,07701.4563,W,0.00,296.59,210526,,,D*64,0
1779390687135,$GPGGA,191039.000,1205.9932,S,07701.4563,W,2,07,1.4,144.2,M,8.4,M,2.0,0000*40,0
1779390687135,$GPGSA,M,3,15,20,12,25,11,29,05,,,,,,2.2,1.4,1.7*31,0
1779390687135,$GPRMC,191039.000,A,1205.9932,S,07701.4563,W,0.00,296.59,210526,,,D*66,0
1779390687135,$GPGGA,191040.000,1205.9932,S,07701.4563,W,2,07,1.4,144.2,M,8.4,M,3.0,0000*4F,0
1779390687135,$GPGSA,M,3,15,20,12,25,11,29,05,,,,,,2.2,1.4,1.7*31,0
1779390687135,$GPRMC,191040.000,A,1205.9932,S,07701.4563,W,0.00,296.59,210526,,,D*68,0
1779390687135,$GPGGA,191041.000,1205.9932,S,07701.4563,W,2,07,1.4,144.2,M,8.4,M,4.0,0000*49,0
1779390687136,$GPGSA,M,3,15,20,12,25,11,29,05,,,,,,2.2,1.4,1.7*31,0
1779390687136,$GPRMC,191041.000,A,1205.9932,S,07701.4563,W,0.00,296.59,210526,,,D*69,0
1779390687136,$GPGGA,191042.000,1205.9932,S,07701.4563,W,2,07,1.4,144.2,M,8.4,M,5.0,0000*4B,0
1779390687136,$GPGSA,M,3,15,20,12,25,11,29,05,,,,,,2.2,1.4,1.7*31,0
1779390687136,$GPRMC,191042.000,A,1205.9932,S,07701.4563,W,0.00,296.59,210526,,,D*6A,0
1779390687136,$GPGGA,191043.000,1205.9932,S,07701.4563,W,2,07,1.4,144.2,M,8.4,M,2.0,0000*4D,0
1779390687136,$GPGSA,M,3,15,20,12,25,11,29,05,,,,,,2.2,1.4,1.7*31,0
1779390687136,$GPGSV,3,1,12,15,70,323,41,20,52,021,44,12,47,225,39,25,25,265,33*74,0
1779390687137,$GPGSV,3,2,12,11,19,055,39,29,15,332,35,05,11,000,24,06,09,093,22*74,0
1779390687137,$GPGSV,3,3,12,13,41,038,41,19,20,137,40,24,44,179,38,48,33,280,37*78,0
1779390687137,$GPRMC,191043.000,A,1205.9932,S,07701.4563,W,0.00,296.59,210526,,,D*6B,0
1779390687137,$GPGGA,191044.000,1205.9932,S,07701.4563,W,2,07,1.4,144.2,M,8.4,M,2.0,0000*4A,0
1779390687137,$GPGSA,M,3,15,20,12,25,11,29,05,,,,,,2.2,1.4,1.7*31,0
1779390687137,$GPRMC,191044.000,A,1205.9932,S,07701.4563,W,0.00,296.59,210526,,,D*6C,0
1779390687137,$GPGGA,191045.000,1205.9932,S,07701.4563,W,2,07,1.4,144.2,M,8.4,M,2.0,0000*4B,0
1779390687138,$GPGSA,M,3,15,20,12,25,11,29,05,,,,,,2.2,1.4,1.7*31,0
1779390687138,$GPRMC,191045.000,A,1205.9932,S,07701.4563,W,0.00,296.59,210526,,,D*6D,0
1779390687138,$GPGGA,191046.000,1205.9934,S,07701.4560,W,2,07,1.4,143.7,M,8.4,M,3.0,0000*4E,0
1779390687139,$GPGSA,M,3,15,20,12,25,11,29,05,,,,,,2.2,1.4,1.7*31,0
1779390687139,$GPRMC,191046.000,A,1205.9934,S,07701.4560,W,0.09,296.59,210526,,,D*62,0
1779390687140,$GPGGA,191047.000,1205.9934,S,07701.4560,W,2,07,1.4,143.7,M,8.4,M,4.0,0000*48,0
1779390687141,$GPGSA,M,3,15,20,12,25,11,29,05,,,,,,2.2,1.4,1.7*31,0
1779390687142,$GPRMC,191047.000,A,1205.9934,S,07701.4560,W,0.01,296.59,210526,,,D*6B,0
1779390687142,$GPGGA,191048.000,1205.9934,S,07701.4560,W,2,07,1.4,143.7,M,8.4,M,5.0,0000*46,0
1779390687143,$GPGSA,M,3,15,20,12,25,11,29,05,,,,,,2.2,1.4,1.7*31,0
1779390687144,$GPGSV,3,1,12,15,70,323,39,20,52,021,43,12,47,225,37,25,25,265,32*73,0
1779390687144,$GPGSV,3,2,12,11,19,055,39,29,15,332,34,05,11,000,23,06,09,093,21*71,0
1779390687145,$GPGSV,3,3,12,13,41,038,40,19,20,137,40,24,44,179,37,48,33,280,36*77,0
1779390687146,$GPRMC,191048.000,A,1205.9934,S,07701.4560,W,0.00,296.59,210526,,,D*65,0
1779390687146,$GPGGA,191049.000,1205.9934,S,07701.4560,W,2,07,1.4,143.6,M,8.4,M,2.0,0000*41,0
1779390687146,$GPGSA,M,3,15,20,12,25,11,29,05,,,,,,2.2,1.4,1.7*31,0
1779390687146,$GPRMC,191049.000,A,1205.9934,S,07701.4560,W,0.00,296.59,210526,,,D*64,0
1779390687146,$GPGGA,191050.000,1205.9934,S,07701.4560,W,2,07,1.4,143.6,M,8.4,M,3.0,0000*48,0
1779390687147,$GPGSA,M,3,15,20,12,25,11,29,05,,,,,,2.2,1.4,1.7*31,0
1779390687147,$GPRMC,191050.000,A,1205.9934,S,07701.4560,W,0.00,296.59,210526,,,D*6C,0
1779390687147,$GPGGA,191051.000,1205.9936,S,07701.4558,W,2,07,1.4,143.1,M,8.4,M,2.0,0000*46,0
1779390687147,$GPGSA,M,3,15,20,12,25,11,29,05,,,,,,2.2,1.4,1.7*31,0
1779390687147,$GPRMC,191051.000,A,1205.9936,S,07701.4558,W,0.07,296.59,210526,,,D*63,0
1779390687147,$GPGGA,191052.000,1205.9935,S,07701.4558,W,2,07,1.4,143.1,M,8.4,M,3.0,0000*47,0
1779390687147,$GPGSA,M,3,15,20,12,25,11,29,05,,,,,,2.2,1.4,1.7*31,0
1779390687147,$GPRMC,191052.000,A,1205.9935,S,07701.4558,W,0.00,296.59,210526,,,D*64,0
1779390687148,$GPGGA,191053.000,1205.9937,S,07701.4556,W,2,07,1.4,142.7,M,8.4,M,4.0,0000*4A,0
1779390687148,$GPGSA,M,3,15,20,12,25,11,29,05,,,,,,2.2,1.4,1.7*31,0
1779390687148,$GPGSV,3,1,12,15,70,323,38,20,52,021,42,12,47,225,37,25,25,265,31*70,0
1779390687148,$GPGSV,3,2,12,11,19,055,39,29,15,332,33,05,11,000,22,06,09,093,12*77,0
1779390687148,$GPGSV,3,3,12,13,41,038,40,19,20,137,39,24,44,179,37,48,33,280,37*78,0
1779390687148,$GPRMC,191053.000,A,1205.9937,S,07701.4556,W,0.06,296.59,210526,,,D*6F,0
1779390687148,$GPGGA,191054.000,1205.9937,S,07701.4556,W,2,07,1.4,142.6,M,8.4,M,5.0,0000*4D,0
1779390687148,$GPGSA,M,3,15,20,12,25,11,29,05,,,,,,2.2,1.4,1.7*31,0
1779390687149,$GPRMC,191054.000,A,1205.9937,S,07701.4556,W,0.00,296.59,210526,,,D*6E,0
1779390687149,$GPGGA,191055.000,1205.9937,S,07701.4556,W,2,07,1.4,142.6,M,8.4,M,2.0,0000*4B,0
1779390687149,$GPGSA,M,3,15,20,12,25,11,29,05,,,,,,2.2,1.4,1.7*31,0
1779390687149,$GPRMC,191055.000,A,1205.9937,S,07701.4556,W,0.00,296.59,210526,,,D*6F,0
1779390687149,$GPGGA,191056.000,1205.9937,S,07701.4556,W,2,07,1.4,142.6,M,8.4,M,2.0,0000*48,0
1779390687149,$GPGSA,M,3,15,20,12,25,11,29,05,,,,,,2.2,1.4,1.7*31,0
1779390687149,$GPRMC,191056.000,A,1205.9937,S,07701.4556,W,0.00,296.59,210526,,,D*6C,0
1779390687149,$GPGGA,191057.000,1205.9937,S,07701.4556,W,2,07,1.4,142.6,M,8.4,M,2.0,0000*49,0
1779390687150,$GPGSA,M,3,15,20,12,25,11,29,05,,,,,,2.2,1.4,1.7*31,0
1779390687150,$GPRMC,191057.000,A,1205.9937,S,07701.4556,W,0.00,296.59,210526,,,D*6D,0
1779390687150,$GPGGA,191058.000,1205.9937,S,07701.4556,W,2,07,1.4,142.6,M,8.4,M,3.0,0000*47,0
1779390687150,$GPGSA,M,3,15,20,12,25,11,29,05,,,,,,2.2,1.4,1.7*31,0
1779390687150,$GPGSV,3,1,12,15,70,323,37,20,52,021,42,12,47,225,38,25,25,265,31*70,0
1779390687151,$GPGSV,3,2,12,11,19,055,40,29,15,332,33,05,11,000,23,06,09,093,16*7C,0
1779390687151,$GPGSV,3,3,12,13,41,038,40,19,20,137,39,24,44,179,37,48,33,280,38*77,0
1779390687152,$GPRMC,191058.000,A,1205.9937,S,07701.4556,W,0.00,296.59,210526,,,D*62,0
1779390687153,$GPGGA,191059.000,1205.9937,S,07701.4556,W,2,07,1.4,142.6,M,8.4,M,4.0,0000*41,0
1779390687154,$GPGSA,M,3,15,20,12,25,11,29,05,,,,,,2.2,1.4,1.7*31,0
1779390687154,$GPRMC,191059.000,A,1205.9937,S,07701.4556,W,0.00,296.59,210526,,,D*63,0
1779390687155,$GPGGA,191100.000,1205.9937,S,07701.4556,W,2,07,1.4,142.6,M,8.4,M,5.0,0000*4D,0
1779390687155,$GPGSA,M,3,15,20,12,25,11,29,05,,,,,,2.2,1.4,1.7*31,0
1779390687156,$GPRMC,191100.000,A,1205.9937,S,07701.4556,W,0.00,296.59,210526,,,D*6E,0
1779390687157,$GPGGA,191101.000,1205.9937,S,07701.4556,W,2,07,1.4,142.6,M,8.4,M,2.0,0000*4B,0
1779390687157,$GPGSA,M,3,15,20,12,25,11,29,05,,,,,,2.2,1.4,1.7*31,0
1779390687158,$GPRMC,191101.000,A,1205.9937,S,07701.4556,W,0.00,296.59,210526,,,D*6F,0
1779390687159,$GPGGA,191102.000,1205.9938,S,07701.4554,W,2,07,1.4,142.4,M,8.4,M,2.0,0000*47,0
1779390687159,$GPGSA,M,3,15,20,12,25,11,29,05,,,,,,2.2,1.4,1.7*31,0
1779390687160,$GPRMC,191102.000,A,1205.9938,S,07701.4554,W,0.04,296.59,210526,,,D*65,0
1779390687161,$GPGGA,191103.000,1205.9938,S,07701.4554,W,2,07,1.4,142.3,M,8.4,M,2.0,0000*41,0
1779390687161,$GPGSA,M,3,15,20,12,25,11,29,05,,,,,,2.2,1.4,1.7*31,0
1779390687162,$GPGSV,3,1,12,15,70,323,37,20,52,021,42,12,47,225,39,25,25,265,31*71,0
1779390687162,$GPGSV,3,2,12,11,19,055,40,29,15,332,33,05,11,000,29,06,09,093,22*71,0
1779390687163,$GPGSV,3,3,12,13,41,038,41,19,20,137,39,24,44,179,37,48,33,280,38*76,0
1779390687163,$GPRMC,191103.000,A,1205.9938,S,07701.4554,W,0.00,296.59,210526,,,D*60,0
1779390687164,$GPGGA,191104.000,1205.9938,S,07701.4554,W,2,07,1.4,142.3,M,8.4,M,3.0,0000*47,0
1779390687164,$GPGSA,M,3,15,20,12,25,11,29,05,,,,,,2.2,1.4,1.7*31,0
1779390687164,$GPRMC,191104.000,A,1205.9938,S,07701.4554,W,0.00,296.59,210526,,,D*67,0
1779390687164,$GPGGA,191105.000,1205.9938,S,07701.4554,W,2,07,1.4,142.3,M,8.4,M,2.0,0000*47,0
1779390687164,$GPGSA,M,3,15,20,12,25,11,29,05,,,,,,2.2,1.4,1.7*31,0
1779390687164,$GPRMC,191105.000,A,1205.9938,S,07701.4554,W,0.00,296.59,210526,,,D*66,0
1779390687164,$GPGGA,191106.000,1205.9938,S,07701.4554,W,2,07,1.4,142.3,M,8.4,M,2.0,0000*44,0
1779390687164,$GPGSA,M,3,15,20,12,25,11,29,05,,,,,,2.2,1.4,1.7*31,0
1779390687165,$GPRMC,191106.000,A,1205.9938,S,07701.4554,W,0.00,296.59,210526,,,D*65,0
1779390687165,$GPGGA,191107.000,1205.9938,S,07701.4554,W,2,07,1.4,142.3,M,8.4,M,2.0,0000*45,0
1779390687165,$GPGSA,M,3,15,20,12,25,11,29,05,,,,,,2.2,1.4,1.7*31,0
1779390687165,$GPRMC,191107.000,A,1205.9938,S,07701.4554,W,0.00,296.59,210526,,,D*64,0
1779390687165,$GPGGA,191108.000,1205.9938,S,07701.4554,W,2,07,1.4,142.3,M,8.4,M,2.0,0000*4A,0
1779390687165,$GPGSA,M,3,15,20,12,25,11,29,05,,,,,,2.2,1.4,1.7*31,0
1779390687165,$GPGSV,3,1,12,15,70,323,38,20,52,021,42,12,47,225,39,25,25,265,31*7E,0
1779390687165,$GPGSV,3,2,12,11,19,055,40,29,15,332,33,05,11,000,28,06,09,093,15*74,0
1779390687166,$GPGSV,3,3,12,13,41,038,41,19,20,137,38,24,44,179,36,48,33,280,37*79,0
1779390687166,$GPRMC,191108.000,A,1205.9938,S,07701.4554,W,0.00,296.59,210526,,,D*6B,0
1779390687166,$GPGGA,191109.000,1205.9938,S,07701.4554,W,2,07,1.4,142.3,M,8.4,M,2.0,0000*4B,0
1779390687166,$GPGSA,M,3,15,20,12,25,11,29,05,,,,,,2.2,1.4,1.7*31,0
1779390687167,$GPRMC,191109.000,A,1205.9938,S,07701.4554,W,0.00,296.59,210526,,,D*6A,0
1779390687168,$GPGGA,191110.000,1205.9938,S,07701.4554,W,2,07,1.4,142.3,M,8.4,M,2.0,0000*43,0
1779390687168,$GPGSA,M,3,15,20,12,25,11,29,05,,,,,,2.2,1.4,1.7*31,0
1779390687168,$GPRMC,191110.000,A,1205.9938,S,07701.4554,W,0.00,296.59,210526,,,D*62,0
1779390687168,$GPGGA,191111.000,1205.9938,S,07701.4554,W,2,07,1.4,142.3,M,8.4,M,3.0,0000*43,0
1779390687168,$GPGSA,M,3,15,20,12,25,11,29,05,,,,,,2.2,1.4,1.7*31,0
1779390687168,$GPRMC,191111.000,A,1205.9938,S,07701.4554,W,0.00,296.59,210526,,,D*63,0
1779390687168,$GPGGA,191112.000,1205.9938,S,07701.4554,W,2,07,1.4,142.3,M,8.4,M,2.0,0000*41,0
1779390687168,$GPGSA,M,3,15,20,12,25,11,29,05,,,,,,2.2,1.4,1.7*31,0
1779390687169,$GPRMC,191112.000,A,1205.9938,S,07701.4554,W,0.00,296.59,210526,,,D*60,0
1779390687169,$GPGGA,191113.000,1205.9938,S,07701.4554,W,2,07,1.4,142.3,M,8.4,M,2.0,0000*40,0
1779390687169,$GPGSA,M,3,15,20,12,25,11,29,05,,,,,,2.2,1.4,1.7*31,0
1779390687169,$GPGSV,3,1,12,15,70,323,39,20,52,021,42,12,47,225,39,25,25,265,31*7F,0
1779390687169,$GPGSV,3,2,12,11,19,055,40,29,15,332,33,05,11,000,29,06,09,093,16*76,0
1779390687169,$GPGSV,3,3,12,13,41,038,41,19,20,137,39,24,44,179,37,48,33,280,38*76,0
1779390687169,$GPRMC,191113.000,A,1205.9938,S,07701.4554,W,0.00,296.59,210526,,,D*61,0
1779390687169,$GPGGA,191114.000,1205.9938,S,07701.4554,W,2,07,1.4,142.3,M,8.4,M,2.0,0000*47,0
1779390687170,$GPGSA,M,3,15,20,12,25,11,29,05,,,,,,2.2,1.4,1.7*31,0
1779390687170,$GPRMC,191114.000,A,1205.9938,S,07701.4554,W,0.00,296.59,210526,,,D*66,0
1779390687170,$GPGGA,191115.000,1205.9938,S,07701.4554,W,2,07,1.4,142.3,M,8.4,M,2.0,0000*46,0
1779390687170,$GPGSA,M,3,15,20,12,25,11,29,05,,,,,,2.2,1.4,1.7*31,0
1779390687170,$GPRMC,191115.000,A,1205.9938,S,07701.4554,W,0.00,296.59,210526,,,D*67,0
1779390687170,$GPGGA,191116.000,1205.9938,S,07701.4554,W,2,07,1.4,142.3,M,8.4,M,3.0,0000*44,0
1779390687170,$GPGSA,M,3,15,20,12,25,11,29,05,,,,,,2.2,1.4,1.7*31,0
1779390687170,$GPRMC,191116.000,A,1205.9938,S,07701.4554,W,0.00,296.59,210526,,,D*64,0
1779390687171,$GPGGA,191117.000,1205.9938,S,07701.4554,W,2,07,1.4,142.3,M,8.4,M,4.0,0000*42,0
1779390687171,$GPGSA,M,3,15,20,12,25,11,29,05,,,,,,2.2,1.4,1.7*31,0
1779390687171,$GPRMC,191117.000,A,1205.9938,S,07701.4554,W,0.00,296.59,210526,,,D*65,0
1779390687171,$GPGGA,191118.000,1205.9938,S,07701.4554,W,2,07,1.4,142.3,M,8.4,M,2.0,0000*4B,0
1779390687171,$GPGSA,M,3,15,20,12,25,11,29,05,,,,,,2.2,1.4,1.7*31,0
1779390687171,$GPGSV,3,1,12,15,70,323,39,20,52,021,42,12,47,225,39,25,25,265,32*7C,0
1779390687171,$GPGSV,3,2,12,11,19,055,40,29,15,332,34,05,11,000,28,06,09,093,22*77,0
1779390687172,$GPGSV,3,3,12,13,41,038,42,19,20,137,38,24,44,179,37,48,33,280,38*74,0
1779390687172,$GPRMC,191118.000,A,1205.9938,S,07701.4554,W,0.00,296.59,210526,,,D*6A,0
1779390687172,$GPGGA,191119.000,1205.9938,S,07701.4554,W,2,07,1.4,142.3,M,8.4,M,2.0,0000*4A,0
1779390687172,$GPGSA,M,3,15,20,12,25,11,29,05,,,,,,2.2,1.4,1.7*31,0
1779390687172,$GPRMC,191119.000,A,1205.9938,S,07701.4554,W,0.00,296.59,210526,,,D*6B,0
1779390687172,$GPGGA,191120.000,1205.9939,S,07701.4553,W,2,07,1.4,142.1,M,8.4,M,2.0,0000*44,0
1779390687172,$GPGSA,M,3,15,20,12,25,11,29,05,,,,,,2.2,1.4,1.7*31,0
1779390687172,$GPRMC,191120.000,A,1205.9939,S,07701.4553,W,0.10,296.59,210526,,,D*66,0
1779390687173,$GPGGA,191121.000,1205.9939,S,07701.4553,W,2,07,1.4,142.1,M,8.4,M,2.0,0000*45,0
1779390687173,$GPGSA,M,3,15,20,12,25,11,29,05,,,,,,2.2,1.4,1.7*31,0
1779390687173,$GPRMC,191121.000,A,1205.9939,S,07701.4553,W,0.00,296.59,210526,,,D*66,0
1779390687173,$GPGGA,191122.000,1205.9939,S,07701.4553,W,2,07,1.4,142.1,M,8.4,M,3.0,0000*47,0
1779390687173,$GPGSA,M,3,15,20,12,25,11,29,05,,,,,,2.2,1.4,1.7*31,0
1779390687173,$GPRMC,191122.000,A,1205.9939,S,07701.4553,W,0.00,296.59,210526,,,D*65,0
1779390687173,$GPGGA,191123.000,1205.9939,S,07701.4552,W,2,07,1.4,142.1,M,8.4,M,4.0,0000*40,0
1779390687173,$GPGSA,M,3,15,20,12,25,11,29,05,,,,,,2.2,1.4,1.7*31,0
1779390687174,$GPGSV,3,1,12,15,70,323,40,20,52,021,43,12,47,225,40,25,25,265,33*7C,0
1779390687174,$GPGSV,3,2,12,11,19,055,40,29,15,332,34,05,11,000,21,06,09,093,19*76,0
1779390687174,$GPGSV,3,3,12,13,41,038,41,19,20,137,38,24,44,179,38,48,33,280,38*78,0
1779390687174,$GPRMC,191123.000,A,1205.9939,S,07701.4552,W,0.00,296.59,210526,,,D*65,0
1779390687174,$GPGGA,191124.000,1205.9941,S,07701.4550,W,2,07,1.4,141.6,M,8.4,M,5.0,0000*4F,0
1779390687174,$GPGSA,M,3,15,20,12,25,11,29,05,,,,,,2.2,1.4,1.7*31,0
1779390687174,$GPRMC,191124.000,A,1205.9941,S,07701.4550,W,0.14,296.59,210526,,,D*6A,0
1779390687174,$GPGGA,191125.000,1205.9941,S,07701.4550,W,2,07,1.4,141.6,M,8.4,M,2.0,0000*49,0
1779390687175,$GPGSA,M,3,15,20,12,25,11,29,05,,,,,,2.2,1.4,1.7*31,0
1779390687175,$GPRMC,191125.000,A,1205.9941,S,07701.4550,W,0.01,296.59,210526,,,D*6F,0
1779390687175,$GPGGA,191126.000,1205.9941,S,07701.4550,W,2,07,1.4,141.6,M,8.4,M,2.0,0000*4A,0
1779390687175,$GPGSA,M,3,15,20,12,25,11,29,05,,,,,,2.2,1.4,1.7*31,0
1779390687175,$GPRMC,191126.000,A,1205.9941,S,07701.4550,W,0.00,296.59,210526,,,D*6D,0
1779390687362,$GPGGA,191127.000,1205.9941,S,07701.4550,W,2,07,1.4,141.6,M,8.4,M,2.0,0000*4B,0
1779390687483,$GPGSA,M,3,15,20,12,25,11,29,05,,,,,,2.2,1.4,1.7*31,0
1779390687648,$GPRMC,191127.000,A,1205.9941,S,07701.4550,W,0.00,296.59,210526,,,D*6C,0
1779390688361,$GPGGA,191128.000,1205.9941,S,07701.4549,W,2,07,1.4,141.6,M,8.4,M,3.0,0000*4D,0
1779390688483,$GPGSA,M,3,15,20,12,25,11,29,05,,,,,,2.2,1.4,1.7*31,0
1779390688643,$GPGSV,3,1,12,15,70,323,41,20,52,021,43,12,47,225,41,25,25,265,34*7B,0
1779390688803,$GPGSV,3,2,12,11,19,055,41,29,15,332,34,05,11,000,21,06,09,093,18*76,0
1779390688964,$GPGSV,3,3,12,13,41,038,42,19,20,137,37,24,44,179,39,48,33,280,39*74,0
1779390689129,$GPRMC,191128.000,A,1205.9941,S,07701.4549,W,0.00,296.59,210526,,,D*6B,0
1779390689361,$GPGGA,191129.000,1205.9941,S,07701.4549,W,2,07,1.4,141.5,M,8.4,M,4.0,0000*48,0
1779390689483,$GPGSA,M,3,15,20,12,25,11,29,05,,,,,,2.2,1.4,1.7*31,0
1779390689648,$GPRMC,191129.000,A,1205.9941,S,07701.4549,W,0.00,296.59,210526,,,D*6A,0
1779390690356,$GPGGA,191130.000,1205.9941,S,07701.4549,W,2,07,1.4,141.5,M,8.4,M,5.0,0000*41,0
1779390690478,$GPGSA,M,3,15,20,12,25,11,29,05,,,,,,2.2,1.4,1.7*31,0
1779390690643,$GPRMC,191130.000,A,1205.9941,S,07701.4549,W,0.00,296.59,210526,,,D*62,0
1779390691362,$GPGGA,191131.000,1205.9941,S,07701.4549,W,2,07,1.4,141.5,M,8.4,M,2.0,0000*47,0
1779390691484,$GPGSA,M,3,15,20,12,25,11,29,05,,,,,,2.2,1.4,1.7*31,0
1779390691649,$GPRMC,191131.000,A,1205.9941,S,07701.4549,W,0.00,296.59,210526,,,D*63,0
1779390692362,$GPGGA,191132.000,1205.9941,S,07701.4549,W,2,07,1.4,141.5,M,8.4,M,2.0,0000*44,0
1779390692483,$GPGSA,M,3,15,20,12,25,11,29,05,,,,,,2.2,1.4,1.7*31,0
1779390692648,$GPRMC,191132.000,A,1205.9941,S,07701.4549,W,0.00,296.59,210526,,,D*60,0
1779390693361,$GPGGA,191133.000,1205.9941,S,07701.4546,W,2,07,1.4,141.0,M,8.4,M,2.0,0000*4F,0
1779390693483,$GPGSA,M,3,15,20,12,25,11,29,05,,,,,,2.2,1.4,1.7*31,0
1779390693643,$GPGSV,3,1,12,15,70,323,41,20,52,021,44,12,47,225,41,25,25,265,35*7D,0
1779390693804,$GPGSV,3,2,12,11,19,055,41,29,15,332,34,05,11,000,22,06,09,093,18*75,0
1779390693964,$GPGSV,3,3,12,13,41,038,42,19,20,137,37,24,44,179,39,48,33,280,39*74,0
1779390694129,$GPRMC,191133.000,A,1205.9941,S,07701.4546,W,0.14,296.59,210526,,,D*6B,0
1779390694362,$GPGGA,191134.000,1205.9941,S,07701.4546,W,2,07,1.4,141.0,M,8.4,M,2.0,0000*48,0
1779390694484,$GPGSA,M,3,15,20,12,25,11,29,05,,,,,,2.2,1.4,1.7*31,0
1779390694649,$GPRMC,191134.000,A,1205.9941,S,07701.4546,W,0.01,296.59,210526,,,D*68,0
1779390695356,$GPGGA,191135.000,1205.9941,S,07701.4546,W,2,07,1.4,141.0,M,8.4,M,3.0,0000*48,0
1779390695478,$GPGSA,M,3,15,20,12,25,11,29,05,,,,,,2.2,1.4,1.7*31,0
1779390695643,$GPRMC,191135.000,A,1205.9941,S,07701.4546,W,0.00,296.59,210526,,,D*68,0
1779390696362,$GPGGA,191136.000,1205.9941,S,07701.4546,W,2,07,1.4,141.0,M,8.4,M,4.0,0000*4C,0
1779390696483,$GPGSA,M,3,15,20,12,25,11,29,05,,,,,,2.2,1.4,1.7*31,0
1779390696648,$GPRMC,191136.000,A,1205.9941,S,07701.4546,W,0.00,296.59,210526,,,D*6B,0
1779390697361,$GPGGA,191137.000,1205.9941,S,07701.4546,W,2,07,1.4,141.0,M,8.4,M,2.0,0000*4B,0
1779390697483,$GPGSA,M,3,15,20,12,25,11,29,05,,,,,,2.2,1.4,1.7*31,0
1779390697648,$GPRMC,191137.000,A,1205.9941,S,07701.4546,W,0.00,296.59,210526,,,D*6A,0
1779390698362,$GPGGA,191138.000,1205.9941,S,07701.4546,W,2,07,1.4,141.0,M,8.4,M,2.0,0000*44,1
1779390698483,$GPGSA,M,3,15,20,12,25,11,29,05,,,,,,2.2,1.4,1.7*31,1
1779390698644,$GPGSV,3,1,12,15,70,323,42,20,52,021,44,12,47,225,41,25,25,265,36*7D,1
1779390698804,$GPGSV,3,2,12,11,19,055,42,29,15,332,34,05,11,000,30,06,09,093,19*74,1
1779390698965,$GPGSV,3,3,12,13,41,038,43,19,20,137,38,24,44,179,39,48,33,280,39*7A,1
1779390699130,$GPRMC,191138.000,A,1205.9941,S,07701.4546,W,0.00,296.59,210526,,,D*65,1
1779390699362,$GPGGA,191139.000,1205.9941,S,07701.4547,W,2,07,1.4,140.5,M,8.4,M,2.0,0000*40,1
1779390699483,$GPGSA,M,3,15,20,12,25,11,29,05,,,,,,2.2,1.4,1.7*31,1
1779390699648,$GPRMC,191139.000,A,1205.9941,S,07701.4547,W,1.21,297.34,210526,,,D*6D,1
1779390700356,$GPGGA,191140.000,1205.9938,S,07701.4552,W,2,07,1.4,140.3,M,8.4,M,3.0,0000*43,1
1779390700478,$GPGSA,M,3,15,20,12,25,11,29,05,,,,,,2.2,1.4,1.7*31,1
1779390700643,$GPRMC,191140.000,A,1205.9938,S,07701.4552,W,3.64,299.14,210526,,,D*66,1
1779390701356,$GPGGA,191141.000,1205.9933,S,07701.4564,W,2,07,1.4,140.1,M,8.4,M,4.0,0000*49,1
1779390701477,$GPGSA,M,3,15,20,12,25,11,29,05,,,,,,2.2,1.4,1.7*31,1
1779390701642,$GPRMC,191141.000,A,1205.9933,S,07701.4564,W,4.74,297.09,210526,,,D*6D,1
1779390702362,$GPGGA,191142.000,1205.9926,S,07701.4579,W,2,07,1.4,140.0,M,8.4,M,2.0,0000*45,1
1779390702483,$GPGSA,M,3,15,20,12,25,11,29,05,,,,,,2.2,1.4,1.7*31,1
1779390702648,$GPRMC,191142.000,A,1205.9926,S,07701.4579,W,5.93,297.43,210526,,,D*60,1
1779390703363,$GPGGA,191143.000,1205.9917,S,07701.4597,W,2,07,1.4,139.9,M,8.4,M,2.0,0000*41,1
1779390703485,$GPGSA,M,3,15,20,12,25,11,29,05,,,,,,2.2,1.4,1.7*31,1
1779390703645,$GPGSV,3,1,12,15,70,323,42,20,52,021,42,12,47,225,41,25,25,265,37*7A,1
1779390703805,$GPGSV,3,2,12,11,19,055,31,29,15,332,33,05,11,000,27,06,09,093,25*7E,1
1779390703966,$GPGSV,3,3,12,13,41,038,43,19,20,137,34,24,44,179,40,48,33,280,40*76,1
1779390704131,$GPRMC,191143.000,A,1205.9917,S,07701.4597,W,7.15,298.49,210526,,,D*6A,1
1779390704356,$GPGGA,191144.000,1205.9908,S,07701.4616,W,2,07,1.4,140.0,M,8.4,M,3.0,0000*44,1
1779390704477,$GPGSA,M,3,15,20,12,25,11,29,05,,,,,,2.2,1.4,1.7*31,1
1779390704642,$GPRMC,191144.000,A,1205.9908,S,07701.4616,W,7.32,297.71,210526,,,D*68,1
1779390705362,$GPGGA,191145.000,1205.9898,S,07701.4636,W,2,07,1.4,140.4,M,8.4,M,2.0,0000*4A,1
1779390705483,$GPGSA,M,3,15,20,12,25,11,29,05,,,,,,2.2,1.4,1.7*31,1
1779390705648,$GPRMC,191145.000,A,1205.9898,S,07701.4636,W,7.83,297.23,210526,,,D*6E,1
1779390706357,$GPGGA,191146.000,1205.9887,S,07701.4657,W,2,07,1.4,140.5,M,8.4,M,3.0,0000*40,1
1779390706478,$GPGSA,M,3,15,20,12,25,11,29,05,,,,,,2.2,1.4,1.7*31,1
1779390706643,$GPRMC,191146.000,A,1205.9887,S,07701.4657,W,8.32,297.75,210526,,,D*62,1
1779390707356,$GPGGA,191147.000,1205.9875,S,07701.4680,W,2,07,1.4,140.8,M,8.4,M,4.0,0000*4C,1
1779390707478,$GPGSA,M,3,15,20,12,25,11,29,05,,,,,,2.2,1.4,1.7*31,1
1779390707643,$GPRMC,191147.000,A,1205.9875,S,07701.4680,W,8.58,297.74,210526,,,D*69,1
1779390708356,$GPGGA,191148.000,1205.9864,S,07701.4701,W,2,07,1.4,141.0,M,8.4,M,5.0,0000*43,1
1779390708478,$GPGSA,M,3,15,20,12,25,11,29,05,,,,,,2.2,1.4,1.7*31,1
1779390708638,$GPGSV,3,1,12,15,70,323,43,20,52,021,41,12,47,225,41,25,25,265,30*7F,1
1779390708798,$GPGSV,3,2,12,11,19,055,38,29,15,332,42,05,11,000,24,06,09,093,34*72,1
1779390708959,$GPGSV,3,3,12,13,41,038,38,19,20,137,43,24,44,179,41,48,33,280,33*7F,1
1779390709124,$GPRMC,191148.000,A,1205.9864,S,07701.4701,W,8.34,298.61,210526,,,D*6F,1
1779390709356,$GPGGA,191149.000,1205.9851,S,07701.4724,W,2,07,1.4,141.0,M,8.4,M,6.0,0000*40,1
1779390709477,$GPGSA,M,3,15,20,12,25,11,29,05,,,,,,2.2,1.4,1.7*31,1
1779390709642,$GPRMC,191149.000,A,1205.9851,S,07701.4724,W,8.27,299.51,210526,,,D*6F,1
1779390710355,$GPGGA,191150.000,1205.9838,S,07701.4745,W,2,07,1.4,141.0,M,8.4,M,7.0,0000*41,1
1779390710476,$GPGSA,M,3,15,20,12,25,11,29,05,,,,,,2.2,1.4,1.7*31,1
1779390710641,$GPRMC,191150.000,A,1205.9838,S,07701.4745,W,8.22,302.37,210526,,,D*69,1
1779390711356,$GPGGA,191151.000,1205.9825,S,07701.4765,W,2,07,1.4,141.1,M,8.4,M,8.0,0000*40,1
1779390711477,$GPGSA,M,3,15,20,12,25,11,29,05,,,,,,2.2,1.4,1.7*31,1
1779390711642,$GPRMC,191151.000,A,1205.9825,S,07701.4765,W,8.48,302.28,210526,,,D*64,1
1779390712356,$GPGGA,191152.000,1205.9813,S,07701.4786,W,2,07,1.4,141.2,M,8.4,M,9.0,0000*49,1
1779390712478,$GPGSA,M,3,15,20,12,25,11,29,05,,,,,,2.2,1.4,1.7*31,1
1779390712643,$GPRMC,191152.000,A,1205.9813,S,07701.4786,W,8.28,299.84,210526,,,D*6C,1
1779390713359,$GPGGA,191153.000,1205.9802,S,07701.4808,W,2,07,1.4,141.4,M,8.4,M,10.0,0000*7F,1
1779390713481,$GPGSA,M,3,15,20,12,25,11,29,05,,,,,,2.2,1.4,1.7*31,1
1779390713641,$GPGSV,3,1,12,15,70,323,43,20,52,021,41,12,47,225,29,25,25,265,32*73,1
1779390713802,$GPGSV,3,2,12,11,19,055,27,29,15,332,23,05,11,000,17,06,09,093,28*76,1
1779390713962,$GPGSV,3,3,12,13,41,038,26,19,20,137,33,24,44,179,30,48,33,280,32*70,1
1779390714127,$GPRMC,191153.000,A,1205.9802,S,07701.4808,W,8.82,298.66,210526,,,D*69,1
1779390714360,$GPGGA,191154.000,1205.9789,S,07701.4831,W,2,07,1.4,141.6,M,8.4,M,11.0,0000*7D,1
1779390714482,$GPGSA,M,3,15,20,12,25,11,29,05,,,,,,2.2,1.4,1.7*31,1
1779390714647,$GPRMC,191154.000,A,1205.9789,S,07701.4831,W,9.14,298.38,210526,,,D*6D,1
1779390715359,$GPGGA,191155.000,1205.9779,S,07701.4853,W,2,07,1.4,141.8,M,8.4,M,12.0,0000*7A,1
1779390715480,$GPGSA,M,3,15,20,12,25,11,29,05,,,,,,2.2,1.4,1.7*31,1
1779390715645,$GPRMC,191155.000,A,1205.9779,S,07701.4853,W,8.70,296.66,210526,,,D*61,1
1779390716357,$GPGGA,191156.000,1205.9765,S,07701.4880,W,2,07,1.4,142.4,M,8.4,M,13.0,0000*74,1
1779390716478,$GPGSA,M,3,15,20,12,25,11,29,05,,,,,,2.2,1.4,1.7*31,1
1779390716643,$GPRMC,191156.000,A,1205.9765,S,07701.4880,W,9.08,294.89,210526,,,D*6C,1
1779390717360,$GPGGA,191157.000,1205.9748,S,07701.4909,W,2,07,1.4,142.7,M,8.4,M,2.0,0000*49,1
1779390717482,$GPGSA,M,3,15,20,12,25,11,29,05,,,,,,2.2,1.4,1.7*31,1
1779390717649,$GPRMC,191157.000,A,1205.9748,S,07701.4909,W,10.23,294.34,210526,,,D*55,1
1779390718360,$GPGGA,191158.000,1205.9738,S,07701.4934,W,2,07,1.4,143.1,M,8.4,M,3.0,0000*49,1
1779390718481,$GPGSA,M,3,15,20,12,25,11,29,05,,,,,,2.2,1.4,1.7*31,1
1779390718641,$GPGSV,3,1,12,15,70,323,42,20,52,021,40,12,47,225,40,25,25,265,30*7E,1
1779390718802,$GPGSV,3,2,12,11,19,055,38,29,15,332,37,05,11,000,18,06,09,093,22*78,1
1779390718962,$GPGSV,3,3,12,13,41,038,37,19,20,137,27,24,44,179,36,48,33,280,37*76,1
1779390719127,$GPRMC,191158.000,A,1205.9738,S,07701.4934,W,9.96,293.23,210526,,,D*64,1
1779390719356,$GPGGA,191159.000,1205.9728,S,07701.4958,W,2,07,1.4,143.3,M,8.4,M,4.0,0000*46,1
1779390719478,$GPGSA,M,3,15,20,12,25,11,29,05,,,,,,2.2,1.4,1.7*31,1
1779390719643,$GPRMC,191159.000,A,1205.9728,S,07701.4958,W,9.06,294.22,210526,,,D*61,1
1779390720356,$GPGGA,191200.000,1205.9718,S,07701.4979,W,2,07,1.4,143.4,M,8.4,M,5.0,0000*4F,1
1779390720477,$GPGSA,M,3,15,20,12,25,11,29,05,,,,,,2.2,1.4,1.7*31,1
1779390720642,$GPRMC,191200.000,A,1205.9718,S,07701.4979,W,7.63,295.34,210526,,,D*65,1
1779390721357,$GPGGA,191201.000,1205.9709,S,07701.4998,W,2,07,1.4,143.6,M,8.4,M,6.0,0000*40,1
1779390721479,$GPGSA,M,3,15,20,12,25,11,29,05,,,,,,2.2,1.4,1.7*31,1
1779390721644,$GPRMC,191201.000,A,1205.9709,S,07701.4998,W,6.15,292.19,210526,,,D*63,1
1779390722364,$GPGGA,191202.000,1205.9704,S,07701.5014,W,2,07,1.4,143.7,M,8.4,M,2.0,0000*47,1
1779390722485,$GPGSA,M,3,15,20,12,25,11,29,05,,,,,,2.2,1.4,1.7*31,1
1779390722650,$GPRMC,191202.000,A,1205.9704,S,07701.5014,W,5.32,279.08,210526,,,D*62,1
1779390723363,$GPGGA,191203.000,1205.9706,S,07701.5029,W,2,07,1.4,143.9,M,8.4,M,2.0,0000*44,1
1779390723484,$GPGSA,M,3,15,20,12,25,11,29,05,,,,,,2.2,1.4,1.7*31,1
1779390723645,$GPGSV,3,1,12,15,70,323,42,20,52,021,40,12,47,225,38,25,25,265,23*73,1
1779390723805,$GPGSV,3,2,12,11,19,055,22,29,15,332,37,05,11,000,25,06,09,093,29*76,1
1779390723966,$GPGSV,3,3,12,13,41,038,37,19,20,137,34,24,44,179,37,48,33,280,41*74,1
1779390724131,$GPRMC,191203.000,A,1205.9706,S,07701.5029,W,5.31,257.68,210526,,,D*66,1
1779390724357,$GPGGA,191204.000,1205.9713,S,07701.5043,W,2,07,1.4,143.9,M,8.4,M,3.0,0000*4A,1
1779390724478,$GPGSA,M,3,15,20,12,25,11,29,05,,,,,,2.2,1.4,1.7*31,1
1779390724643,$GPRMC,191204.000,A,1205.9713,S,07701.5043,W,5.79,247.16,210526,,,D*6D,1
1779390725357,$GPGGA,191205.000,1205.9723,S,07701.5056,W,2,07,1.4,143.8,M,8.4,M,4.0,0000*4A,1
1779390725478,$GPGSA,M,3,15,20,12,25,11,29,05,,,,,,2.2,1.4,1.7*31,1
1779390725643,$GPRMC,191205.000,A,1205.9723,S,07701.5056,W,5.73,238.60,210526,,,D*68,1
1779390726358,$GPGGA,191206.000,1205.9735,S,07701.5067,W,2,07,1.4,143.8,M,8.4,M,5.0,0000*4D,1
1779390726479,$GPGSA,M,3,15,20,12,25,11,29,05,,,,,,2.2,1.4,1.7*31,1
1779390726644,$GPRMC,191206.000,A,1205.9735,S,07701.5067,W,6.00,230.71,210526,,,D*61,1
1779390727363,$GPGGA,191207.000,1205.9749,S,07701.5076,W,2,07,1.4,143.9,M,8.4,M,2.0,0000*41,1
1779390727484,$GPGSA,M,3,15,20,12,25,11,29,05,,,,,,2.2,1.4,1.7*31,1
1779390727649,$GPRMC,191207.000,A,1205.9749,S,07701.5076,W,5.32,226.28,210526,,,D*62,1
1779390728361,$GPGGA,191208.000,1205.9762,S,07701.5083,W,2,07,1.4,144.0,M,8.4,M,2.0,0000*43,1
1779390728483,$GPGSA,M,3,15,20,12,25,11,29,05,,,,,,2.2,1.4,1.7*31,1
1779390728643,$GPGSV,3,1,12,15,70,323,40,20,52,021,35,12,47,225,41,25,25,265,21*7F,1
1779390728803,$GPGSV,3,2,12,11,19,055,35,29,15,332,33,05,11,000,36,06,09,093,30*7E,1
1779390728964,$GPGSV,3,3,12,13,41,038,41,19,20,137,39,24,44,179,42,48,33,280,40*7B,1
1779390729129,$GPRMC,191208.000,A,1205.9762,S,07701.5083,W,4.63,223.68,210526,,,D*6A,1
1779390729362,$GPGGA,191209.000,1205.9775,S,07701.5078,W,2,07,1.4,144.0,M,8.4,M,2.0,0000*40,1
1779390729484,$GPGSA,M,3,15,20,12,25,11,29,05,,,,,,2.2,1.4,1.7*31,1
1779390729649,$GPRMC,191209.000,A,1205.9775,S,07701.5078,W,3.73,218.92,210526,,,D*62,1
1779390730363,$GPGGA,191210.000,1205.9787,S,07701.5056,W,2,07,1.4,144.2,M,8.4,M,3.0,0000*4A,1
1779390730484,$GPGSA,M,3,15,20,12,25,11,29,05,,,,,,2.2,1.4,1.7*31,1
1779390730649,$GPRMC,191210.000,A,1205.9787,S,07701.5056,W,3.59,202.09,210526,,,D*6A,1
1779390731362,$GPGGA,191211.000,1205.9804,S,07701.5015,W,2,07,1.4,143.9,M,8.4,M,4.0,0000*43,1
1779390731484,$GPGSA,M,3,15,20,12,25,11,29,05,,,,,,2.2,1.4,1.7*31,1
1779390731649,$GPRMC,191211.000,A,1205.9804,S,07701.5015,W,6.83,140.18,210526,,,D*6F,1
1779390732357,$GPGGA,191212.000,1205.9824,S,07701.4969,W,2,07,1.4,143.4,M,8.4,M,5.0,0000*4D,1
1779390732478,$GPGSA,M,3,15,20,12,25,11,29,05,,,,,,2.2,1.4,1.7*31,1
1779390732646,$GPRMC,191212.000,A,1205.9824,S,07701.4969,W,10.54,116.88,210526,,,D*5A,1
1779390733362,$GPGGA,191213.000,1205.9838,S,07701.4935,W,2,07,1.4,143.1,M,8.4,M,2.0,0000*4A,1
1779390733483,$GPGSA,M,3,15,20,12,25,11,29,05,,,,,,2.2,1.4,1.7*31,1
1779390733644,$GPGSV,3,1,12,15,70,323,43,20,52,021,40,12,47,225,42,25,25,265,36*7B,1
1779390733804,$GPGSV,3,2,12,11,19,055,33,29,15,332,32,05,11,000,23,06,09,093,27*7B,1
1779390733964,$GPGSV,3,3,12,13,41,038,41,19,20,137,42,24,44,179,41,48,33,280,41*75,1
1779390734132,$GPRMC,191213.000,A,1205.9838,S,07701.4935,W,11.01,114.52,210526,,,D*5B,1
1779390734362,$GPGGA,191214.000,1205.9850,S,07701.4905,W,2,07,1.4,142.7,M,8.4,M,2.0,0000*47,1
1779390734483,$GPGSA,M,3,15,20,12,25,11,29,05,,,,,,2.2,1.4,1.7*31,1
1779390734651,$GPRMC,191214.000,A,1205.9850,S,07701.4905,W,10.79,113.87,210526,,,D*50,1
1779390735363,$GPGGA,191215.000,1205.9862,S,07701.4878,W,2,07,1.4,142.5,M,8.4,M,2.0,0000*4E,1
1779390735484,$GPGSA,M,3,15,20,12,25,11,29,05,,,,,,2.2,1.4,1.7*31,1
1779390735651,$GPRMC,191215.000,A,1205.9862,S,07701.4878,W,10.26,114.33,210526,,,D*59,1
1779390736361,$GPGGA,191216.000,1205.9873,S,07701.4852,W,2,07,1.4,142.2,M,8.4,M,3.0,0000*43,1
1779390736483,$GPGSA,M,3,15,20,12,25,11,29,05,,,,,,2.2,1.4,1.7*31,1
1779390736648,$GPRMC,191216.000,A,1205.9873,S,07701.4852,W,9.74,114.47,210526,,,D*6E,1
1779390737362,$GPGGA,191217.000,1205.9884,S,07701.4827,W,2,07,1.4,142.0,M,8.4,M,4.0,0000*4D,1
1779390737484,$GPGSA,M,3,15,20,12,25,11,29,05,,,,,,2.2,1.4,1.7*31,1
1779390737649,$GPRMC,191217.000,A,1205.9884,S,07701.4827,W,8.99,115.51,210526,,,D*61,1
1779390738359,$GPGGA,191218.000,1205.9893,S,07701.4805,W,2,07,1.4,141.8,M,8.4,M,5.0,0000*4E,1
1779390738480,$GPGSA,M,3,15,20,12,25,11,29,05,,,,,,2.2,1.4,1.7*31,1
1779390738640,$GPGSV,3,1,12,15,70,323,43,20,52,021,38,12,47,225,42,25,25,265,36*74,1
1779390738801,$GPGSV,3,2,12,11,19,055,33,29,15,332,32,05,11,000,26,06,09,093,25*7C,1
1779390738961,$GPGSV,3,3,12,13,41,038,41,19,20,137,42,24,44,179,41,48,33,280,40*74,1
1779390739126,$GPRMC,191218.000,A,1205.9893,S,07701.4805,W,8.40,113.89,210526,,,D*6F,1
1779390739363,$GPGGA,191219.000,1205.9900,S,07701.4785,W,2,07,1.4,141.7,M,8.4,M,2.0,0000*4B,1
1779390739485,$GPGSA,M,3,15,20,12,25,11,29,05,,,,,,2.2,1.4,1.7*31,1
1779390739650,$GPRMC,191219.000,A,1205.9900,S,07701.4785,W,7.24,109.19,210526,,,D*6D,1
1779390740363,$GPGGA,191220.000,1205.9903,S,07701.4766,W,2,07,1.4,141.5,M,8.4,M,2.0,0000*4D,1
1779390740484,$GPGSA,M,3,15,20,12,25,11,29,05,,,,,,2.2,1.4,1.7*31,1
1779390740649,$GPRMC,191220.000,A,1205.9903,S,07701.4766,W,6.70,100.30,210526,,,D*6B,1
1779390741362,$GPGGA,191221.000,1205.9902,S,07701.4747,W,2,07,1.4,141.5,M,8.4,M,2.0,0000*4E,1
1779390741484,$GPGSA,M,3,15,20,12,25,11,29,05,,,,,,2.2,1.4,1.7*31,1
1779390741646,$GPRMC,191221.000,A,1205.9902,S,07701.4747,W,6.52,85.58,210526,,,D*5A,1
1779390742363,$GPGGA,191222.000,1205.9895,S,07701.4726,W,2,07,1.4,140.7,M,8.4,M,2.0,0000*46,1
1779390742484,$GPGSA,M,3,15,20,12,25,11,29,05,,,,,,2.2,1.4,1.7*31,1
1779390742647,$GPRMC,191222.000,A,1205.9895,S,07701.4726,W,5.82,54.52,210526,,,D*59,1
1779390743358,$GPGGA,191223.000,1205.9882,S,07701.4714,W,2,07,1.4,140.5,M,8.4,M,3.0,0000*43,1
1779390743480,$GPGSA,M,3,15,20,12,25,11,29,05,,,,,,2.2,1.4,1.7*31,1
1779390743640,$GPGSV,3,1,12,15,70,323,40,20,52,021,43,12,47,225,43,25,25,265,40*7B,1
1779390743801,$GPGSV,3,2,12,11,19,055,42,29,15,332,39,05,11,000,30,06,09,093,23*70,1
1779390743961,$GPGSV,3,3,12,13,41,038,42,19,20,137,41,24,44,179,41,48,33,280,30*73,1
1779390744124,$GPRMC,191223.000,A,1205.9882,S,07701.4714,W,5.92,19.68,210526,,,D*5E,1
1779390744358,$GPGGA,191224.000,1205.9866,S,07701.4711,W,2,07,1.4,140.5,M,8.4,M,4.0,0000*4C,1
1779390744480,$GPGSA,M,3,15,20,12,25,11,29,05,,,,,,2.2,1.4,1.7*31,1
1779390744645,$GPRMC,191224.000,A,1205.9866,S,07701.4711,W,6.44,352.67,210526,,,D*6D,1
1779390745357,$GPGGA,191225.000,1205.9850,S,07701.4717,W,2,07,1.4,140.5,M,8.4,M,5.0,0000*4F,1
1779390745479,$GPGSA,M,3,15,20,12,25,11,29,05,,,,,,2.2,1.4,1.7*31,1
1779390745644,$GPRMC,191225.000,A,1205.9850,S,07701.4717,W,6.95,329.91,210526,,,D*66,1
1779390746358,$GPGGA,191226.000,1205.9836,S,07701.4731,W,2,07,1.4,140.5,M,8.4,M,6.0,0000*4B,1
1779390746479,$GPGSA,M,3,15,20,12,25,11,29,05,,,,,,2.2,1.4,1.7*31,1
1779390746644,$GPRMC,191226.000,A,1205.9836,S,07701.4731,W,7.50,309.94,210526,,,D*6E,1
1779390747357,$GPGGA,191227.000,1205.9825,S,07701.4749,W,2,07,1.4,140.4,M,8.4,M,7.0,0000*47,1
1779390747479,$GPGSA,M,3,15,20,12,25,11,29,05,,,,,,2.2,1.4,1.7*31,1
1779390747644,$GPRMC,191227.000,A,1205.9825,S,07701.4749,W,7.52,298.91,210526,,,D*6C,1
1779390748357,$GPGGA,191228.000,1205.9815,S,07701.4768,W,2,07,1.4,140.4,M,8.4,M,8.0,0000*47,1
1779390748479,$GPGSA,M,3,15,20,12,25,11,29,05,,,,,,2.2,1.4,1.7*31,1
1779390748639,$GPGSV,3,1,12,15,70,323,42,20,52,021,42,12,47,225,38,25,25,265,30*73,1
1779390748799,$GPGSV,3,2,12,11,19,055,34,29,15,332,39,05,11,000,21,06,09,093,30*73,1
1779390748960,$GPGSV,3,3,12,13,41,038,37,19,20,137,40,24,44,179,38,48,33,280,31*7F,1
1779390749125,$GPRMC,191228.000,A,1205.9815,S,07701.4768,W,7.82,297.44,210526,,,D*69,1
1779390749359,$GPGGA,191229.000,1205.9805,S,07701.4788,W,2,07,1.4,140.5,M,8.4,M,9.0,0000*49,1
1779390749480,$GPGSA,M,3,15,20,12,25,11,29,05,,,,,,2.2,1.4,1.7*31,1
1779390749645,$GPRMC,191229.000,A,1205.9805,S,07701.4788,W,8.01,297.39,210526,,,D*69,1
1779390750360,$GPGGA,191230.000,1205.9794,S,07701.4808,W,2,06,1.4,140.6,M,8.4,M,10.0,0000*7B,1
1779390750477,$GPGSA,M,3,15,20,12,25,11,29,,,,,,,2.3,1.4,1.8*3A,1
1779390750642,$GPRMC,191230.000,A,1205.9794,S,07701.4808,W,8.00,297.11,210526,,,D*6A,1
1779390751364,$GPGGA,191231.000,1205.9784,S,07701.4830,W,2,07,1.4,140.7,M,8.4,M,11.0,0000*71,1
1779390751485,$GPGSA,M,3,15,20,12,25,11,29,05,,,,,,2.2,1.4,1.7*31,1
1779390751650,$GPRMC,191231.000,A,1205.9784,S,07701.4830,W,8.35,296.07,210526,,,D*61,1
1779390752361,$GPGGA,191232.000,1205.9775,S,07701.4851,W,2,07,1.4,140.9,M,8.4,M,12.0,0000*76,1
1779390752483,$GPGSA,M,3,15,20,12,25,11,29,05,,,,,,2.2,1.4,1.7*31,1
1779390752648,$GPRMC,191232.000,A,1205.9775,S,07701.4851,W,8.31,294.60,210526,,,D*6C,1
1779390753363,$GPGGA,191233.000,1205.9765,S,07701.4874,W,2,07,1.4,141.2,M,8.4,M,2.0,0000*4A,1
1779390753484,$GPGSA,M,3,15,20,12,25,11,29,05,,,,,,2.2,1.4,1.7*31,1
1779390753645,$GPGSV,3,1,12,15,70,323,40,20,52,021,37,12,47,225,34,25,25,265,36*79,1
1779390753805,$GPGSV,3,2,12,11,19,055,34,29,15,332,23,05,11,000,18,06,09,093,36*74,1
1779390753966,$GPGSV,3,3,12,13,41,038,31,19,20,137,27,24,44,179,35,48,33,280,39*7D,1
1779390754131,$GPRMC,191233.000,A,1205.9765,S,07701.4874,W,8.69,292.94,210526,,,D*6B,1
1779390754357,$GPGGA,191234.000,1205.9753,S,07701.4899,W,2,07,1.4,141.7,M,8.4,M,3.0,0000*4F,1
1779390754478,$GPGSA,M,3,15,20,12,25,11,29,05,,,,,,2.2,1.4,1.7*31,1
1779390754643,$GPRMC,191234.000,A,1205.9753,S,07701.4899,W,9.15,293.74,210526,,,D*6F,1
1779390755363,$GPGGA,191235.000,1205.9741,S,07701.4926,W,2,07,1.4,141.8,M,8.4,M,4.0,0000*40,1
1779390755484,$GPGSA,M,3,15,20,12,25,11,29,05,,,,,,2.2,1.4,1.7*31,1
1779390755649,$GPRMC,191235.000,A,1205.9741,S,07701.4926,W,9.49,293.30,210526,,,D*61,1
1779390756357,$GPGGA,191236.000,1205.9734,S,07701.4947,W,2,07,1.4,141.9,M,8.4,M,5.0,0000*46,1
1779390756479,$GPGSA,M,3,15,20,12,25,11,29,05,,,,,,2.2,1.4,1.7*31,1
1779390756644,$GPRMC,191236.000,A,1205.9734,S,07701.4947,W,9.23,292.75,210526,,,D*6B,1
1779390757363,$GPGGA,191237.000,1205.9724,S,07701.4970,W,2,07,1.4,142.1,M,8.4,M,2.0,0000*4E,1
1779390757485,$GPGSA,M,3,15,20,12,25,11,29,05,,,,,,2.2,1.4,1.7*31,1
1779390757650,$GPRMC,191237.000,A,1205.9724,S,07701.4970,W,8.76,292.93,210526,,,D*66,1
1779390758359,$GPGGA,191238.000,1205.9716,S,07701.4992,W,2,07,1.4,142.1,M,8.4,M,3.0,0000*4D,1
1779390758481,$GPGSA,M,3,15,20,12,25,11,29,05,,,,,,2.2,1.4,1.7*31,1
1779390758641,$GPGSV,3,1,12,15,70,323,41,20,52,021,39,12,47,225,39,25,25,265,24*78,1
1779390758801,$GPGSV,3,2,12,11,19,055,23,29,15,332,36,05,11,000,18,06,09,093,20*71,1
1779390758962,$GPGSV,3,3,12,13,41,038,38,19,20,137,27,24,44,179,37,48,33,280,36*79,1
1779390759127,$GPRMC,191238.000,A,1205.9716,S,07701.4992,W,7.50,293.12,210526,,,D*67,1
1779390759359,$GPGGA,191239.000,1205.9709,S,07701.5009,W,2,07,1.4,142.1,M,8.4,M,4.0,0000*4F,1
1779390759480,$GPGSA,M,3,15,20,12,25,11,29,05,,,,,,2.2,1.4,1.7*31,1
1779390759645,$GPRMC,191239.000,A,1205.9709,S,07701.5009,W,6.45,289.62,210526,,,D*6B,1
1779390760362,$GPGGA,191240.000,1205.9708,S,07701.5026,W,2,07,1.4,142.1,M,8.4,M,5.0,0000*4C,1
1779390760484,$GPGSA,M,3,15,20,12,25,11,29,05,,,,,,2.2,1.4,1.7*31,1
1779390760649,$GPRMC,191240.000,A,1205.9708,S,07701.5026,W,5.74,278.22,210526,,,D*62,1
1779390761362,$GPGGA,191241.000,1205.9710,S,07701.5042,W,2,07,1.4,142.1,M,8.4,M,6.0,0000*45,1
1779390761483,$GPGSA,M,3,15,20,12,25,11,29,05,,,,,,2.2,1.4,1.7*31,1
1779390761648,$GPRMC,191241.000,A,1205.9710,S,07701.5042,W,6.02,268.32,210526,,,D*6A,1
1779390762359,$GPGGA,191242.000,1205.9719,S,07701.5055,W,2,07,1.4,141.8,M,8.4,M,7.0,0000*42,1
1779390762480,$GPGSA,M,3,15,20,12,25,11,29,05,,,,,,2.2,1.4,1.7*31,1
1779390762645,$GPRMC,191242.000,A,1205.9719,S,07701.5055,W,5.52,255.48,210526,,,D*63,1
1779390763359,$GPGGA,191243.000,1205.9727,S,07701.5065,W,2,07,1.4,141.7,M,8.4,M,8.0,0000*4D,1
1779390763481,$GPGSA,M,3,15,20,12,25,11,29,05,,,,,,2.2,1.4,1.7*31,1
1779390763641,$GPGSV,3,1,12,15,70,323,41,20,52,021,39,12,47,225,41,25,25,265,24*77,1
1779390763802,$GPGSV,3,2,12,11,19,055,22,29,15,332,27,05,11,000,27,06,09,093,30*7D,1
1779390763962,$GPGSV,3,3,12,13,41,038,40,19,20,137,36,24,44,179,29,48,33,280,35*7A,1
1779390764127,$GPRMC,191243.000,A,1205.9727,S,07701.5065,W,4.26,249.13,210526,,,D*6D,1
1779390764364,$GPGGA,191244.000,1205.9731,S,07701.5074,W,2,07,1.4,141.7,M,8.4,M,2.0,0000*47,1
1779390764486,$GPGSA,M,3,15,20,12,25,11,29,05,,,,,,2.2,1.4,1.7*31,1
1779390764651,$GPRMC,191244.000,A,1205.9731,S,07701.5074,W,3.41,250.33,210526,,,D*61,1
1779390765363,$GPGGA,191245.000,1205.9733,S,07701.5080,W,2,07,1.4,141.8,M,8.4,M,2.0,0000*40,1
1779390765485,$GPGSA,M,3,15,20,12,25,11,29,05,,,,,,2.2,1.4,1.7*31,1
1779390765650,$GPRMC,191245.000,A,1205.9733,S,07701.5080,W,2.45,254.36,210526,,,D*6D,1
1779390766362,$GPGGA,191246.000,1205.9740,S,07701.5079,W,2,07,1.4,142.5,M,8.4,M,3.0,0000*4E,1
1779390766484,$GPGSA,M,3,15,20,12,25,11,29,05,,,,,,2.2,1.4,1.7*31,1
1779390766649,$GPRMC,191246.000,A,1205.9740,S,07701.5079,W,1.62,251.32,210526,,,D*6B,1
1779390767363,$GPGGA,191247.000,1205.9748,S,07701.5081,W,2,07,1.4,143.1,M,8.4,M,2.0,0000*44,1
1779390767485,$GPGSA,M,3,15,20,12,25,11,29,05,,,,,,2.2,1.4,1.7*31,1
1779390767650,$GPRMC,191247.000,A,1205.9748,S,07701.5081,W,2.83,241.02,210526,,,D*6B,1
1779390768363,$GPGGA,191248.000,1205.9759,S,07701.5079,W,2,07,1.4,143.4,M,8.4,M,2.0,0000*49,1
1779390768484,$GPGSA,M,3,15,20,12,25,11,29,05,,,,,,2.2,1.4,1.7*31,1
1779390768645,$GPGSV,3,1,12,15,70,323,41,20,52,021,37,12,47,225,42,25,25,265,20*7E,1
1779390768805,$GPGSV,3,2,12,11,19,055,25,29,15,332,28,05,11,000,37,06,09,093,34*70,1
1779390768965,$GPGSV,3,3,12,13,41,038,41,19,20,137,36,24,44,179,40,48,33,280,39*78,1
1779390769130,$GPRMC,191248.000,A,1205.9759,S,07701.5079,W,3.53,226.53,210526,,,D*6A,1
1779390769364,$GPGGA,191249.000,1205.9771,S,07701.5073,W,2,07,1.4,143.7,M,8.4,M,2.0,0000*4B,1
1779390769486,$GPGSA,M,3,15,20,12,25,11,29,05,,,,,,2.2,1.4,1.7*31,1
1779390769651,$GPRMC,191249.000,A,1205.9771,S,07701.5073,W,3.53,212.82,210526,,,D*60,1
1779390770364,$GPGGA,191250.000,1205.9784,S,07701.5058,W,2,07,1.4,143.9,M,8.4,M,2.0,0000*4E,1
1779390770486,$GPGSA,M,3,15,20,12,25,11,29,05,,,,,,2.2,1.4,1.7*31,1
1779390770651,$GPRMC,191250.000,A,1205.9784,S,07701.5058,W,4.20,183.01,210526,,,D*68,1
1779390771364,$GPGGA,191251.000,1205.9798,S,07701.5029,W,2,07,1.4,143.8,M,8.4,M,2.0,0000*45,1
1779390771486,$GPGSA,M,3,15,20,12,25,11,29,05,,,,,,2.2,1.4,1.7*31,1
1779390771651,$GPRMC,191251.000,A,1205.9798,S,07701.5029,W,6.20,139.46,210526,,,D*62,1
1779390772364,$GPGGA,191252.000,1205.9812,S,07701.4999,W,2,07,1.4,143.6,M,8.4,M,3.0,0000*47,1
1779390772485,$GPGSA,M,3,15,20,12,25,11,29,05,,,,,,2.2,1.4,1.7*31,1
1779390772650,$GPRMC,191252.000,A,1205.9812,S,07701.4999,W,8.11,120.22,210526,,,D*69,1
1779390773363,$GPGGA,191253.000,1205.9827,S,07701.4963,W,2,07,1.4,143.4,M,8.4,M,4.0,0000*40,1
1779390773485,$GPGSA,M,3,15,20,12,25,11,29,05,,,,,,2.2,1.4,1.7*31,1
1779390773645,$GPGSV,3,1,12,15,70,323,43,20,52,021,40,12,47,225,43,25,25,265,36*7A,1
1779390773806,$GPGSV,3,2,12,11,19,055,33,29,15,332,31,05,11,000,18,06,09,093,29*7E,1
1779390773966,$GPGSV,3,3,12,13,41,038,41,19,20,137,43,24,44,179,41,48,33,280,42*77,1
1779390774133,$GPRMC,191253.000,A,1205.9827,S,07701.4963,W,10.07,114.88,210526,,,D*52,1
1779390774364,$GPGGA,191254.000,1205.9841,S,07701.4931,W,2,07,1.4,143.3,M,8.4,M,5.0,0000*46,1
1779390774486,$GPGSA,M,3,15,20,12,25,11,29,05,,,,,,2.2,1.4,1.7*31,1
1779390774653,$GPRMC,191254.000,A,1205.9841,S,07701.4931,W,10.88,115.03,210526,,,D*57,1
1779390775364,$GPGGA,191255.000,1205.9854,S,07701.4900,W,2,07,1.4,143.2,M,8.4,M,2.0,0000*47,1
1779390775485,$GPGSA,M,3,15,20,12,25,11,29,05,,,,,,2.2,1.4,1.7*31,1
1779390775653,$GPRMC,191255.000,A,1205.9854,S,07701.4900,W,11.42,113.23,210526,,,D*53,1
1779390776363,$GPGGA,191256.000,1205.9867,S,07701.4868,W,2,07,1.4,143.1,M,8.4,M,2.0,0000*48,1
1779390776485,$GPGSA,M,3,15,20,12,25,11,29,05,,,,,,2.2,1.4,1.7*31,1
1779390776652,$GPRMC,191256.000,A,1205.9867,S,07701.4868,W,11.77,113.62,210526,,,D*5C,1
1779390777364,$GPGGA,191257.000,1205.9880,S,07701.4836,W,2,07,1.4,142.9,M,8.4,M,2.0,0000*42,1
1779390777485,$GPGSA,M,3,15,20,12,25,11,29,05,,,,,,2.2,1.4,1.7*31,1
1779390777652,$GPRMC,191257.000,A,1205.9880,S,07701.4836,W,11.33,113.13,210526,,,D*59,1
1779390778365,$GPGGA,191258.000,1205.9893,S,07701.4805,W,2,07,1.4,142.5,M,8.4,M,2.0,0000*43,1
1779390778487,$GPGSA,M,3,15,20,12,25,11,29,05,,,,,,2.2,1.4,1.7*31,1
1779390778647,$GPGSV,3,1,12,15,70,323,44,20,52,021,39,12,47,225,43,25,25,265,37*72,1
1779390778807,$GPGSV,3,2,12,11,19,055,34,29,15,332,32,05,11,000,23,06,09,093,21*7A,1
1779390778968,$GPGSV,3,3,12,13,41,038,42,19,20,137,43,24,44,179,41,48,33,280,38*79,1
1779390779135,$GPRMC,191258.000,A,1205.9893,S,07701.4805,W,10.02,114.46,210526,,,D*50,1
1779390779360,$GPGGA,191259.000,1205.9904,S,07701.4780,W,2,07,1.4,142.4,M,8.4,M,3.0,0000*4F,1
1779390779481,$GPGSA,M,3,15,20,12,25,11,29,05,,,,,,2.2,1.4,1.7*31,1
1779390779646,$GPRMC,191259.000,A,1205.9904,S,07701.4780,W,8.61,113.43,210526,,,D*62,1
1779390780360,$GPGGA,191300.000,1205.9912,S,07701.4758,W,2,07,1.4,142.5,M,8.4,M,4.0,0000*46,1
1779390780481,$GPGSA,M,3,15,20,12,25,11,29,05,,,,,,2.2,1.4,1.7*31,1
1779390780646,$GPRMC,191300.000,A,1205.9912,S,07701.4758,W,6.80,105.55,210526,,,D*6C,1
1779390781365,$GPGGA,191301.000,1205.9913,S,07701.4741,W,2,07,1.4,142.1,M,8.4,M,2.0,0000*4C,1
1779390781486,$GPGSA,M,3,15,20,12,25,11,29,05,,,,,,2.2,1.4,1.7*31,1
1779390781649,$GPRMC,191301.000,A,1205.9913,S,07701.4741,W,6.33,91.13,210526,,,D*52,1
1779390782359,$GPGGA,191302.000,1205.9911,S,07701.4725,W,2,07,1.4,142.5,M,8.4,M,3.0,0000*4A,1
1779390782481,$GPGSA,M,3,15,20,12,25,11,29,05,,,,,,2.2,1.4,1.7*31,1
1779390782643,$GPRMC,191302.000,A,1205.9911,S,07701.4725,W,5.43,69.05,210526,,,D*55,1
1779390783365,$GPGGA,191303.000,1205.9903,S,07701.4711,W,2,07,1.4,142.3,M,8.4,M,2.0,0000*48,1
1779390783486,$GPGSA,M,3,15,20,12,25,11,29,05,,,,,,2.2,1.4,1.7*31,1
1779390783647,$GPGSV,3,1,12,15,70,323,39,20,52,021,45,12,47,225,43,25,25,265,44*77,1
1779390783807,$GPGSV,3,2,12,11,19,055,43,29,15,332,40,05,11,000,29,06,09,093,22*76,1
1779390783967,$GPGSV,3,3,12,13,41,038,43,19,20,137,42,24,44,179,41,48,33,280,39*78,1
1779390784130,$GPRMC,191303.000,A,1205.9903,S,07701.4711,W,5.63,52.53,210526,,,D*59,1
1779390784359,$GPGGA,191304.000,1205.9889,S,07701.4701,W,2,07,1.4,142.3,M,8.4,M,3.0,0000*4C,1
1779390784480,$GPGSA,M,3,15,20,12,25,11,29,05,,,,,,2.2,1.4,1.7*31,1
1779390784643,$GPRMC,191304.000,A,1205.9889,S,07701.4701,W,5.95,33.17,210526,,,D*52,1
1779390785359,$GPGGA,191305.000,1205.9872,S,07701.4700,W,2,07,1.4,142.3,M,8.4,M,4.0,0000*4F,1
1779390785480,$GPGSA,M,3,15,20,12,25,11,29,05,,,,,,2.2,1.4,1.7*31,1
1779390785645,$GPRMC,191305.000,A,1205.9872,S,07701.4700,W,6.07,352.46,210526,,,D*6E,1
1779390786361,$GPGGA,191306.000,1205.9856,S,07701.4709,W,2,07,1.4,142.4,M,8.4,M,5.0,0000*45,1
1779390786482,$GPGSA,M,3,15,20,12,25,11,29,05,,,,,,2.2,1.4,1.7*31,1
1779390786647,$GPRMC,191306.000,A,1205.9856,S,07701.4709,W,6.15,327.90,210526,,,D*68,1
1779390787359,$GPGGA,191307.000,1205.9843,S,07701.4725,W,2,07,1.4,142.1,M,8.4,M,6.0,0000*48,1
1779390787481,$GPGSA,M,3,15,20,12,25,11,29,05,,,,,,2.2,1.4,1.7*31,1
1779390787646,$GPRMC,191307.000,A,1205.9843,S,07701.4725,W,6.55,304.40,210526,,,D*6B,1
1779390788364,$GPGGA,191308.000,1205.9833,S,07701.4744,W,2,07,1.4,141.9,M,8.4,M,2.0,0000*48,1
1779390788486,$GPGSA,M,3,15,20,12,25,11,29,05,,,,,,2.2,1.4,1.7*31,1
1779390788646,$GPGSV,3,1,12,15,69,326,43,20,51,020,43,12,47,223,39,25,26,264,31*78,1
1779390788807,$GPGSV,3,2,12,11,19,056,40,29,17,332,44,05,10,001,21,06,09,094,34*78,1
1779390788962,$GPGSV,3,3,12,19,19,138,41,24,45,178,41,48,33,280,37,13,39,037,*77,1
1779390789127,$GPRMC,191308.000,A,1205.9833,S,07701.4744,W,7.47,297.80,210526,,,D*61,1
1779390789359,$GPGGA,191309.000,1205.9822,S,07701.4765,W,2,07,1.4,141.8,M,8.4,M,3.0,0000*4A,1
1779390789480,$GPGSA,M,3,15,20,12,25,11,29,05,,,,,,2.2,1.4,1.7*31,1
1779390789645,$GPRMC,191309.000,A,1205.9822,S,07701.4765,W,7.95,298.89,210526,,,D*6A,1
1779390790360,$GPGGA,191310.000,1205.9810,S,07701.4785,W,2,07,1.4,142.0,M,8.4,M,4.0,0000*41,1
1779390790482,$GPGSA,M,3,15,20,12,25,11,29,05,,,,,,2.2,1.4,1.7*31,1
1779390790647,$GPRMC,191310.000,A,1205.9810,S,07701.4785,W,8.01,299.16,210526,,,D*68,1
1779390791360,$GPGGA,191311.000,1205.9800,S,07701.4805,W,2,07,1.4,142.1,M,8.4,M,5.0,0000*46,1
1779390791482,$GPGSA,M,3,15,20,12,25,11,29,05,,,,,,2.2,1.4,1.7*31,1
1779390791647,$GPRMC,191311.000,A,1205.9800,S,07701.4805,W,8.00,297.98,210526,,,D*66,1
1779390792360,$GPGGA,191312.000,1205.9790,S,07701.4826,W,2,07,1.4,142.3,M,8.4,M,6.0,0000*43,1
1779390792481,$GPGSA,M,3,15,20,12,25,11,29,05,,,,,,2.2,1.4,1.7*31,1
1779390792646,$GPRMC,191312.000,A,1205.9790,S,07701.4826,W,8.34,296.32,210526,,,D*64,1
1779390793359,$GPGGA,191313.000,1205.9778,S,07701.4851,W,2,07,1.4,142.5,M,8.4,M,7.0,0000*43,1
1779390793481,$GPGSA,M,3,15,20,12,25,11,29,05,,,,,,2.2,1.4,1.7*31,1
1779390793641,$GPGSV,3,1,12,15,69,326,43,20,51,020,42,12,47,223,32,25,26,264,41*75,1
1779390793801,$GPGSV,3,2,12,11,19,056,30,29,17,332,26,05,10,001,20,06,09,094,34*7A,1
1779390793957,$GPGSV,3,3,12,19,19,138,28,24,45,178,35,48,33,280,40,13,39,037,*7B,1
1779390794122,$GPRMC,191313.000,A,1205.9778,S,07701.4851,W,9.40,294.02,210526,,,D*60,1
1779390794364,$GPGGA,191314.000,1205.9764,S,07701.4882,W,2,07,1.4,142.9,M,8.4,M,2.0,0000*4E,1
1779390794486,$GPGSA,M,3,15,20,12,25,11,29,05,,,,,,2.2,1.4,1.7*31,1
1779390794653,$GPRMC,191314.000,A,1205.9764,S,07701.4882,W,10.84,292.62,210526,,,D*54,1
1779390795362,$GPGGA,191315.000,1205.9749,S,07701.4913,W,2,06,1.4,143.2,M,8.4,M,2.0,0000*42,1
1779390795479,$GPGSA,M,3,15,20,12,25,11,29,,,,,,,2.3,1.4,1.8*3A,1
1779390795646,$GPRMC,191315.000,A,1205.9749,S,07701.4913,W,11.74,293.33,210526,,,D*58,1
1779390796356,$GPGGA,191316.000,1205.9737,S,07701.4943,W,2,06,1.4,143.3,M,8.4,M,3.0,0000*4D,1
1779390796473,$GPGSA,M,3,15,20,12,25,11,29,,,,,,,2.3,1.4,1.8*3A,1
1779390796641,$GPRMC,191316.000,A,1205.9737,S,07701.4943,W,11.37,293.27,210526,,,D*55,1
1779390797356,$GPGGA,191317.000,1205.9724,S,07701.4972,W,2,06,1.4,143.2,M,8.4,M,4.0,0000*4A,1
1779390797473,$GPGSA,M,3,15,20,12,25,11,29,,,,,,,2.3,1.4,1.8*3A,1
1779390797641,$GPRMC,191317.000,A,1205.9724,S,07701.4972,W,11.00,294.65,210526,,,D*51,1
1779390798357,$GPGGA,191318.000,1205.9712,S,07701.4999,W,2,06,1.4,143.2,M,8.4,M,5.0,0000*44,1
1779390798474,$GPGSA,M,3,15,20,12,25,11,29,,,,,,,2.3,1.4,1.8*3A,1
1779390798635,$GPGSV,3,1,12,15,69,326,42,20,51,020,40,12,47,223,40,25,26,264,23*77,1
1779390798795,$GPGSV,3,2,12,11,19,056,27,29,17,332,37,05,10,001,18,06,09,094,24*76,1
1779390798951,$GPGSV,3,3,12,19,19,138,27,24,45,178,38,48,33,280,35,13,39,037,*7B,1
1779390799118,$GPRMC,191318.000,A,1205.9712,S,07701.4999,W,10.00,294.64,210526,,,D*5E,1
1779390799357,$GPGGA,191319.000,1205.9704,S,07701.5019,W,2,06,1.4,143.4,M,8.4,M,6.0,0000*47,1
1779390799474,$GPGSA,M,3,15,20,12,25,11,29,,,,,,,2.3,1.4,1.8*3A,1
1779390799639,$GPRMC,191319.000,A,1205.9704,S,07701.5019,W,8.06,292.26,210526,,,D*67,1
1779390800366,$GPGGA,191320.000,1205.9701,S,07701.5036,W,2,07,1.4,143.6,M,8.4,M,2.0,0000*42,1
1779390800487,$GPGSA,M,3,15,20,12,25,11,29,05,,,,,,2.2,1.4,1.7*31,1
1779390800652,$GPRMC,191320.000,A,1205.9701,S,07701.5036,W,5.20,277.04,210526,,,D*67,1
1779390801364,$GPGGA,191321.000,1205.9704,S,07701.5051,W,2,06,1.4,143.5,M,8.4,M,2.0,0000*45,1
1779390801481,$GPGSA,M,3,15,20,12,25,11,29,,,,,,,2.3,1.4,1.8*3A,1
1779390801646,$GPRMC,191321.000,A,1205.9704,S,07701.5051,W,5.57,263.54,210526,,,D*62,1
1779390802366,$GPGGA,191322.000,1205.9713,S,07701.5064,W,2,07,1.4,143.3,M,8.4,M,3.0,0000*40,1
1779390802487,$GPGSA,M,3,15,20,12,25,11,29,05,,,,,,2.2,1.4,1.7*31,1
1779390802652,$GPRMC,191322.000,A,1205.9713,S,07701.5064,W,5.99,250.55,210526,,,D*62,1
1779390803361,$GPGGA,191323.000,1205.9728,S,07701.5074,W,2,07,1.4,143.2,M,8.4,M,4.0,0000*4E,1
1779390803482,$GPGSA,M,3,15,20,12,25,11,29,05,,,,,,2.2,1.4,1.7*31,1
1779390803643,$GPGSV,3,1,12,15,69,326,42,20,51,020,40,12,47,223,45,25,26,264,24*75,1
1779390803803,$GPGSV,3,2,12,11,19,056,24,29,17,332,28,05,10,001,27,06,09,094,31*73,1
1779390803959,$GPGSV,3,3,12,19,19,138,35,24,45,178,32,48,33,280,38,13,39,037,*7F,1
1779390804124,$GPRMC,191323.000,A,1205.9728,S,07701.5074,W,5.87,235.24,210526,,,D*60,1
1779390804360,$GPGGA,191324.000,1205.9745,S,07701.5079,W,2,07,1.4,143.4,M,8.4,M,5.0,0000*48,1
1779390804482,$GPGSA,M,3,15,20,12,25,11,29,05,,,,,,2.2,1.4,1.7*31,1
1779390804647,$GPRMC,191324.000,A,1205.9745,S,07701.5079,W,5.57,224.21,210526,,,D*69,1
1779390805365,$GPGGA,191325.000,1205.9760,S,07701.5082,W,2,07,1.4,143.6,M,8.4,M,2.0,0000*4F,1
1779390805487,$GPGSA,M,3,15,20,12,25,11,29,05,,,,,,2.2,1.4,1.7*31,1
1779390805652,$GPRMC,191325.000,A,1205.9760,S,07701.5082,W,4.40,218.02,210526,,,D*62,1
1779390806366,$GPGGA,191326.000,1205.9777,S,07701.5062,W,2,07,1.4,143.1,M,8.4,M,2.0,0000*43,1
1779390806487,$GPGSA,M,3,15,20,12,25,11,29,05,,,,,,2.2,1.4,1.7*31,1
1779390806652,$GPRMC,191326.000,A,1205.9777,S,07701.5062,W,3.89,201.00,210526,,,D*61,1
1779390807366,$GPGGA,191327.000,1205.9788,S,07701.5051,W,2,07,1.4,143.1,M,8.4,M,2.0,0000*42,1
1779390807487,$GPGSA,M,3,15,20,12,25,11,29,05,,,,,,2.2,1.4,1.7*31,1
1779390807652,$GPRMC,191327.000,A,1205.9788,S,07701.5051,W,4.27,174.31,210526,,,D*60,1
1779390808365,$GPGGA,191328.000,1205.9800,S,07701.5024,W,2,07,1.4,143.0,M,8.4,M,2.0,0000*41,1
1779390808487,$GPGSA,M,3,15,20,12,25,11,29,05,,,,,,2.2,1.4,1.7*31,1
1779390808647,$GPGSV,3,1,12,15,69,326,42,20,51,020,42,12,47,223,43,25,26,264,30*74,1
1779390808808,$GPGSV,3,2,12,11,19,056,32,29,17,332,31,05,10,001,24,06,09,094,25*7A,1
1779390808963,$GPGSV,3,3,12,19,19,138,42,24,45,178,42,48,33,280,42,13,39,037,*75,1
1779390809128,$GPRMC,191328.000,A,1205.9800,S,07701.5024,W,6.44,136.33,210526,,,D*61,1
1779390809366,$GPGGA,191329.000,1205.9815,S,07701.4989,W,2,07,1.4,143.0,M,8.4,M,2.0,0000*4B,1
1779390809487,$GPGSA,M,3,15,20,12,25,11,29,05,,,,,,2.2,1.4,1.7*31,1
1779390809652,$GPRMC,191329.000,A,1205.9815,S,07701.4989,W,8.70,119.04,210526,,,D*6B,1
1779390810366,$GPGGA,191330.000,1205.9830,S,07701.4952,W,2,07,1.4,143.0,M,8.4,M,3.0,0000*43,1
1779390810488,$GPGSA,M,3,15,20,12,25,11,29,05,,,,,,2.2,1.4,1.7*31,1
1779390810655,$GPRMC,191330.000,A,1205.9830,S,07701.4952,W,10.91,113.92,210526,,,D*51,1
1779390811366,$GPGGA,191331.000,1205.9845,S,07701.4918,W,2,07,1.4,143.0,M,8.4,M,2.0,0000*4F,1
1779390811487,$GPGSA,M,3,15,20,12,25,11,29,05,,,,,,2.2,1.4,1.7*31,1
1779390811654,$GPRMC,191331.000,A,1205.9845,S,07701.4918,W,11.48,114.61,210526,,,D*52,1
1779390812364,$GPGGA,191332.000,1205.9859,S,07701.4887,W,2,07,1.4,143.1,M,8.4,M,2.0,0000*47,1
1779390812486,$GPGSA,M,3,15,20,12,25,11,29,05,,,,,,2.2,1.4,1.7*31,1
1779390812653,$GPRMC,191332.000,A,1205.9859,S,07701.4887,W,11.81,114.85,210526,,,D*54,1
1779390813365,$GPGGA,191333.000,1205.9873,S,07701.4856,W,2,07,1.4,143.0,M,8.4,M,2.0,0000*43,1
1779390813486,$GPGSA,M,3,15,20,12,25,11,29,05,,,,,,2.2,1.4,1.7*31,1
1779390813647,$GPGSV,3,1,12,15,69,326,44,20,51,020,39,12,47,223,43,25,26,264,36*78,1
1779390813807,$GPGSV,3,2,12,11,19,056,34,29,17,332,35,05,10,001,21,06,09,094,26*7E,1
1779390813963,$GPGSV,3,3,12,19,19,138,43,24,45,178,42,48,33,280,42,13,39,037,*74,1
1779390814130,$GPRMC,191333.000,A,1205.9873,S,07701.4856,W,11.30,114.92,210526,,,D*5D,1
1779390814360,$GPGGA,191334.000,1205.9887,S,07701.4826,W,2,07,1.4,142.9,M,8.4,M,3.0,0000*41,1
1779390814481,$GPGSA,M,3,15,20,12,25,11,29,05,,,,,,2.2,1.4,1.7*31,1
1779390814648,$GPRMC,191334.000,A,1205.9887,S,07701.4826,W,10.82,114.72,210526,,,D*50,1
1779390815366,$GPGGA,191335.000,1205.9900,S,07701.4795,W,2,07,1.4,142.5,M,8.4,M,4.0,0000*42,1
1779390815488,$GPGSA,M,3,15,20,12,25,11,29,05,,,,,,2.2,1.4,1.7*31,1
1779390815655,$GPRMC,191335.000,A,1205.9900,S,07701.4795,W,10.34,113.15,210526,,,D*53,1
1779390816368,$GPGGA,191336.000,1205.9910,S,07701.4769,W,2,07,1.4,142.2,M,8.4,M,5.0,0000*45,1
1779390816490,$GPGSA,M,3,15,20,12,25,11,29,05,,,,,,2.2,1.4,1.7*31,1
1779390816655,$GPRMC,191336.000,A,1205.9910,S,07701.4769,W,8.70,110.98,210526,,,D*6D,1
1779390817366,$GPGGA,191337.000,1205.9917,S,07701.4746,W,2,07,1.4,142.0,M,8.4,M,2.0,0000*4B,1
1779390817487,$GPGSA,M,3,15,20,12,25,11,29,05,,,,,,2.2,1.4,1.7*31,1
1779390817653,$GPRMC,191337.000,A,1205.9917,S,07701.4746,W,7.85,104.28,210526,,,D*6D,1
1779390818366,$GPGGA,191338.000,1205.9918,S,07701.4726,W,2,07,1.4,141.7,M,8.4,M,2.0,0000*49,1
1779390818487,$GPGSA,M,3,15,20,12,25,11,29,05,,,,,,2.2,1.4,1.7*31,1
1779390818648,$GPGSV,3,1,12,15,69,326,44,20,51,020,36,12,47,223,43,25,26,264,43*75,1
1779390818808,$GPGSV,3,2,12,11,19,056,34,29,17,332,35,05,10,001,29,06,09,094,24*74,1
1779390818964,$GPGSV,3,3,12,19,19,138,42,24,45,178,41,48,33,280,43,13,39,037,*77,1
1779390819127,$GPRMC,191338.000,A,1205.9918,S,07701.4726,W,7.17,97.11,210526,,,D*51,1
1779390819366,$GPGGA,191339.000,1205.9912,S,07701.4711,W,2,07,1.4,141.7,M,8.4,M,2.0,0000*46,1
1779390819488,$GPGSA,M,3,15,20,12,25,11,29,05,,,,,,2.2,1.4,1.7*31,1
1779390819651,$GPRMC,191339.000,A,1205.9912,S,07701.4711,W,6.31,67.83,210526,,,D*5F,1
1779390820367,$GPGGA,191340.000,1205.9901,S,07701.4696,W,2,07,1.4,141.4,M,8.4,M,3.0,0000*46,1
1779390820488,$GPGSA,M,3,15,20,12,25,11,29,05,,,,,,2.2,1.4,1.7*31,1
1779390820651,$GPRMC,191340.000,A,1205.9901,S,07701.4696,W,5.86,34.10,210526,,,D*5E,1
1779390821362,$GPGGA,191341.000,1205.9886,S,07701.4690,W,2,07,1.4,141.4,M,8.4,M,4.0,0000*48,1
1779390821483,$GPGSA,M,3,15,20,12,25,11,29,05,,,,,,2.2,1.4,1.7*31,1
1779390821643,$GPRMC,191341.000,A,1205.9886,S,07701.4690,W,5.82,9.83,210526,,,D*67,1
1779390822362,$GPGGA,191342.000,1205.9868,S,07701.4693,W,2,07,1.4,141.5,M,8.4,M,5.0,0000*48,1
1779390822483,$GPGSA,M,3,15,20,12,25,11,29,05,,,,,,2.2,1.4,1.7*31,1
1779390822648,$GPRMC,191342.000,A,1205.9868,S,07701.4693,W,6.30,344.16,210526,,,D*6B,1
1779390823361,$GPGGA,191343.000,1205.9852,S,07701.4705,W,2,07,1.4,141.5,M,8.4,M,6.0,0000*4D,1
1779390823482,$GPGSA,M,3,15,20,12,25,11,29,05,,,,,,2.2,1.4,1.7*31,1
1779390823643,$GPGSV,3,1,12,15,69,326,44,20,51,020,44,12,47,223,40,25,26,264,31*76,1
1779390823803,$GPGSV,3,2,12,11,19,056,41,29,17,332,40,05,10,001,19,06,09,094,32*70,1
1779390823959,$GPGSV,3,3,12,19,19,138,41,24,45,178,42,48,33,280,30,13,39,037,*73,1
1779390824124,$GPRMC,191343.000,A,1205.9852,S,07701.4705,W,7.18,317.68,210526,,,D*69,1
1779390824361,$GPGGA,191344.000,1205.9837,S,07701.4723,W,2,07,1.4,141.3,M,8.4,M,7.0,0000*4A,1
1779390824482,$GPGSA,M,3,15,20,12,25,11,29,05,,,,,,2.2,1.4,1.7*31,1
1779390824647,$GPRMC,191344.000,A,1205.9837,S,07701.4723,W,8.03,302.32,210526,,,D*67,1
1779390825362,$GPGGA,191345.000,1205.9825,S,07701.4746,W,2,07,1.4,141.1,M,8.4,M,8.0,0000*46,1
1779390825483,$GPGSA,M,3,15,20,12,25,11,29,05,,,,,,2.2,1.4,1.7*31,1
1779390825648,$GPRMC,191345.000,A,1205.9825,S,07701.4746,W,8.88,296.57,210526,,,D*6A,1
1779390826362,$GPGGA,191346.000,1205.9813,S,07701.4771,W,2,07,1.4,141.4,M,8.4,M,9.0,0000*40,1
1779390826484,$GPGSA,M,3,15,20,12,25,11,29,05,,,,,,2.2,1.4,1.7*31,1
1779390826649,$GPRMC,191346.000,A,1205.9813,S,07701.4771,W,9.43,296.16,210526,,,D*6B,1
1779390827361,$GPGGA,191347.000,1205.9801,S,07701.4795,W,2,06,1.6,141.6,M,8.4,M,10.0,0000*71,1
1779390827478,$GPGSA,M,3,15,20,12,25,11,05,,,,,,,2.3,1.6,1.7*39,1
1779390827643,$GPRMC,191347.000,A,1205.9801,S,07701.4795,W,9.56,295.44,210526,,,D*63,1
1779390828365,$GPGGA,191348.000,1205.9790,S,07701.4821,W,2,07,1.4,141.7,M,8.4,M,11.0,0000*7A,1
1779390828486,$GPGSA,M,3,15,20,12,25,11,29,05,,,,,,2.2,1.4,1.7*31,1
1779390828646,$GPGSV,3,1,12,15,69,326,43,20,51,020,42,12,47,223,25,25,26,264,32*77,1
1779390828807,$GPGSV,3,2,12,11,19,056,25,29,17,332,22,05,10,001,19,06,09,094,27*72,1
1779390828963,$GPGSV,3,3,12,19,19,138,31,24,45,178,26,48,33,280,34,13,39,037,*72,1
1779390829130,$GPRMC,191348.000,A,1205.9790,S,07701.4821,W,10.02,294.71,210526,,,D*55,1
1779390829363,$GPGGA,191349.000,1205.9778,S,07701.4847,W,2,07,1.4,141.9,M,8.4,M,12.0,0000*70,1
1779390829485,$GPGSA,M,3,15,20,12,25,11,29,05,,,,,,2.2,1.4,1.7*31,1
1779390829650,$GPRMC,191349.000,A,1205.9778,S,07701.4847,W,9.96,295.44,210526,,,D*60,1
1779390830363,$GPGGA,191350.000,1205.9765,S,07701.4873,W,2,07,1.4,142.1,M,8.4,M,13.0,0000*79,1
1779390830485,$GPGSA,M,3,15,20,12,25,11,29,05,,,,,,2.2,1.4,1.7*31,1
1779390830650,$GPRMC,191350.000,A,1205.9765,S,07701.4873,W,9.81,296.59,210526,,,D*6A,1
1779390831362,$GPGGA,191351.000,1205.9755,S,07701.4896,W,2,07,1.4,142.6,M,8.4,M,14.0,0000*70,1
1779390831484,$GPGSA,M,3,15,20,12,25,11,29,05,,,,,,2.2,1.4,1.7*31,1
1779390831649,$GPRMC,191351.000,A,1205.9755,S,07701.4896,W,9.61,295.28,210526,,,D*68,1
1779390832365,$GPGGA,191352.000,1205.9743,S,07701.4922,W,2,07,1.4,142.9,M,8.4,M,2.0,0000*42,1
1779390832486,$GPGSA,M,3,15,20,12,25,11,29,05,,,,,,2.2,1.4,1.7*31,1
1779390832654,$GPRMC,191352.000,A,1205.9743,S,07701.4922,W,10.55,293.58,210526,,,D*5C,1
1779390833366,$GPGGA,191353.000,1205.9728,S,07701.4953,W,2,07,1.4,142.8,M,8.4,M,2.0,0000*49,1
1779390833487,$GPGSA,M,3,15,20,12,25,11,29,05,,,,,,2.2,1.4,1.7*31,1
1779390833648,$GPGSV,3,1,12,15,69,326,42,20,51,020,41,12,47,223,42,25,26,264,36*70,1
1779390833808,$GPGSV,3,2,12,11,19,056,39,29,17,332,40,05,10,001,19,06,09,094,32*7F,1
1779390833964,$GPGSV,3,3,12,19,19,138,28,24,45,178,42,48,33,280,42,13,39,037,*79,1
1779390834129,$GPRMC,191353.000,A,1205.9728,S,07701.4953,W,9.98,292.23,210526,,,D*62,1
1779390834367,$GPGGA,191354.000,1205.9718,S,07701.4979,W,2,07,1.4,142.8,M,8.4,M,3.0,0000*44,1
1779390834488,$GPGSA,M,3,15,20,12,25,11,29,05,,,,,,2.2,1.4,1.7*31,1
1779390834653,$GPRMC,191354.000,A,1205.9718,S,07701.4979,W,9.33,292.44,210526,,,D*6E,1
1779390835362,$GPGGA,191355.000,1205.9708,S,07701.5002,W,2,07,1.4,142.8,M,8.4,M,4.0,0000*47,1
1779390835484,$GPGSA,M,3,15,20,12,25,11,29,05,,,,,,2.2,1.4,1.7*31,1
1779390835649,$GPRMC,191355.000,A,1205.9708,S,07701.5002,W,7.38,292.39,210526,,,D*65,1
1779390836367,$GPGGA,191356.000,1205.9702,S,07701.5021,W,2,07,1.4,143.1,M,8.4,M,2.0,0000*41,1
1779390836489,$GPGSA,M,3,15,20,12,25,11,29,05,,,,,,2.2,1.4,1.7*31,1
1779390836654,$GPRMC,191356.000,A,1205.9702,S,07701.5021,W,6.14,285.03,210526,,,D*6D,1
1779390837362,$GPGGA,191357.000,1205.9700,S,07701.5040,W,2,07,1.4,143.3,M,8.4,M,3.0,0000*46,1
1779390837483,$GPGSA,M,3,15,20,12,25,11,29,05,,,,,,2.2,1.4,1.7*31,1
1779390837648,$GPRMC,191357.000,A,1205.9700,S,07701.5040,W,5.77,267.20,210526,,,D*62,1
1779390838366,$GPGGA,191358.000,1205.9704,S,07701.5056,W,2,07,1.4,143.4,M,8.4,M,2.0,0000*4C,1
1779390838487,$GPGSA,M,3,15,20,12,25,11,29,05,,,,,,2.2,1.4,1.7*31,1
1779390838648,$GPGSV,3,1,12,15,69,326,43,20,51,020,41,12,47,223,39,25,26,264,24*7E,1
1779390838808,$GPGSV,3,2,12,11,19,056,25,29,17,332,32,05,10,001,25,06,09,094,29*72,1
1779390838964,$GPGSV,3,3,12,19,19,138,35,24,45,178,40,48,33,280,37,13,39,037,*75,1
1779390839129,$GPRMC,191358.000,A,1205.9704,S,07701.5056,W,6.11,257.71,210526,,,D*6A,1
1779390839357,$GPGGA,191359.000,1205.9713,S,07701.5072,W,2,05,1.8,143.2,M,8.4,M,3.0,0000*44,1
1779390839469,$GPGSA,M,3,15,20,12,11,05,,,,,,,,2.7,1.8,2.0*30,1
1779390839634,$GPRMC,191359.000,A,1205.9713,S,07701.5072,W,6.26,248.72,210526,,,D*62,1
1779390840361,$GPGGA,191400.000,1205.9726,S,07701.5084,W,2,05,1.8,143.1,M,8.4,M,4.0,0000*44,1
1779390840473,$GPGSA,M,3,15,20,12,11,05,,,,,,,,2.7,1.8,2.0*30,1
1779390840638,$GPRMC,191400.000,A,1205.9726,S,07701.5084,W,6.14,237.20,210526,,,D*68,1
1779390841362,$GPGGA,191401.000,1205.9741,S,07701.5092,W,2,06,1.5,143.5,M,8.4,M,2.0,0000*4F,1
1779390841479,$GPGSA,M,3,15,20,12,11,29,05,,,,,,,2.4,1.5,1.9*3F,1
1779390841644,$GPRMC,191401.000,A,1205.9741,S,07701.5092,W,5.37,228.79,210526,,,D*6F,1
1779390842365,$GPGGA,191402.000,1205.9755,S,07701.5094,W,2,06,1.5,143.6,M,8.4,M,2.0,0000*4C,1
1779390842482,$GPGSA,M,3,15,20,12,11,29,05,,,,,,,2.4,1.5,1.9*3F,1
1779390842647,$GPRMC,191402.000,A,1205.9755,S,07701.5094,W,3.72,224.23,210526,,,D*6B,1
1779390843368,$GPGGA,191403.000,1205.9767,S,07701.5084,W,2,07,1.4,143.4,M,8.4,M,2.0,0000*4F,1
1779390843489,$GPGSA,M,3,15,20,12,25,11,29,05,,,,,,2.2,1.4,1.7*31,1
1779390843649,$GPGSV,3,1,12,15,69,326,41,20,51,020,37,12,47,223,41,25,26,264,21*77,1
1779390843810,$GPGSV,3,2,12,11,19,056,36,29,17,332,32,05,10,001,28,06,09,094,31*74,1
1779390843966,$GPGSV,3,3,12,19,19,138,42,24,45,178,43,48,33,280,41,13,39,037,*77,1
1779390844131,$GPRMC,191403.000,A,1205.9767,S,07701.5084,W,2.67,214.80,210526,,,D*65,1
1779390844361,$GPGGA,191404.000,1205.9777,S,07701.5071,W,2,07,1.4,143.5,M,8.4,M,3.0,0000*43,1
1779390844483,$GPGSA,M,3,15,20,12,25,11,29,05,,,,,,2.2,1.4,1.7*31,1
1779390844648,$GPRMC,191404.000,A,1205.9777,S,07701.5071,W,3.52,184.09,210526,,,D*65,1
1779390845367,$GPGGA,191405.000,1205.9790,S,07701.5047,W,2,07,1.4,143.3,M,8.4,M,4.0,0000*4F,1
1779390845489,$GPGSA,M,3,15,20,12,25,11,29,05,,,,,,2.2,1.4,1.7*31,1
1779390845654,$GPRMC,191405.000,A,1205.9790,S,07701.5047,W,5.62,142.14,210526,,,D*6B,1
1779390846368,$GPGGA,191406.000,1205.9806,S,07701.5012,W,2,07,1.4,143.3,M,8.4,M,5.0,0000*4D,1
1779390846490,$GPGSA,M,3,15,20,12,25,11,29,05,,,,,,2.2,1.4,1.7*31,1
1779390846655,$GPRMC,191406.000,A,1205.9806,S,07701.5012,W,8.63,118.38,210526,,,D*65,1
1779390847368,$GPGGA,191407.000,1205.9820,S,07701.4980,W,2,07,1.4,143.5,M,8.4,M,2.0,0000*4A,1
1779390847489,$GPGSA,M,3,15,20,12,25,11,29,05,,,,,,2.2,1.4,1.7*31,1
1779390847654,$GPRMC,191407.000,A,1205.9820,S,07701.4980,W,9.47,114.17,210526,,,D*65,1
1779390848367,$GPGGA,191408.000,1205.9832,S,07701.4951,W,2,07,1.4,143.5,M,8.4,M,2.0,0000*4A,1
1779390848489,$GPGSA,M,3,15,20,12,25,11,29,05,,,,,,2.2,1.4,1.7*31,1
1779390848649,$GPGSV,3,1,12,15,69,326,43,20,51,020,39,12,47,223,42,25,26,264,36*7E,1
1779390848809,$GPGSV,3,2,12,11,19,056,33,29,17,332,33,05,10,001,21,06,09,094,26*7F,1
1779390848965,$GPGSV,3,3,12,19,19,138,42,24,45,178,42,48,33,280,42,13,39,037,*75,1
1779390849130,$GPRMC,191408.000,A,1205.9832,S,07701.4951,W,9.72,114.32,210526,,,D*64,1
1779390849366,$GPGGA,191409.000,1205.9845,S,07701.4923,W,2,07,1.4,143.4,M,8.4,M,2.0,0000*4F,1
1779390849488,$GPGSA,M,3,15,20,12,25,11,29,05,,,,,,2.2,1.4,1.7*31,1
1779390849655,$GPRMC,191409.000,A,1205.9845,S,07701.4923,W,10.04,114.96,210526,,,D*57,1
1779390850367,$GPGGA,191410.000,1205.9857,S,07701.4895,W,2,07,1.4,143.3,M,8.4,M,3.0,0000*4E,1
1779390850488,$GPGSA,M,3,15,20,12,25,11,29,05,,,,,,2.2,1.4,1.7*31,1
1779390850656,$GPRMC,191410.000,A,1205.9857,S,07701.4895,W,10.12,114.56,210526,,,D*5B,1
1779390851367,$GPGGA,191411.000,1205.9870,S,07701.4865,W,2,07,1.4,143.2,M,8.4,M,4.0,0000*43,1
1779390851488,$GPGSA,M,3,15,20,12,25,11,29,05,,,,,,2.2,1.4,1.7*31,1
1779390851655,$GPRMC,191411.000,A,1205.9870,S,07701.4865,W,10.29,113.80,210526,,,D*54,1
1779390852363,$GPGGA,191412.000,1205.9882,S,07701.4837,W,2,07,1.4,142.9,M,8.4,M,5.0,0000*41,1
1779390852484,$GPGSA,M,3,15,20,12,25,11,29,05,,,,,,2.2,1.4,1.7*31,1
1779390852649,$GPRMC,191412.000,A,1205.9882,S,07701.4837,W,9.77,113.59,210526,,,D*6A,1
1779390853367,$GPGGA,191413.000,1205.9894,S,07701.4810,W,2,07,1.4,142.6,M,8.4,M,2.0,0000*4A,1
1779390853489,$GPGSA,M,3,15,20,12,25,11,29,05,,,,,,2.2,1.4,1.7*31,1
1779390853649,$GPGSV,3,1,12,15,69,326,44,20,51,020,38,12,47,223,42,25,26,264,36*78,1
1779390853810,$GPGSV,3,2,12,11,19,056,34,29,17,332,33,05,10,001,31,06,09,094,27*78,1
1779390853965,$GPGSV,3,3,12,19,19,138,42,24,45,178,41,48,33,280,41,13,39,037,*75,1
1779390854130,$GPRMC,191413.000,A,1205.9894,S,07701.4810,W,9.93,114.26,210526,,,D*6C,1
1779390854367,$GPGGA,191414.000,1205.9906,S,07701.4782,W,2,07,1.4,142.4,M,8.4,M,2.0,0000*41,1
1779390854488,$GPGSA,M,3,15,20,12,25,11,29,05,,,,,,2.2,1.4,1.7*31,1
1779390854656,$GPRMC,191414.000,A,1205.9906,S,07701.4782,W,10.16,114.42,210526,,,D*52,1
1779390855362,$GPGGA,191415.000,1205.9919,S,07701.4755,W,2,07,1.4,142.4,M,8.4,M,3.0,0000*45,1
1779390855483,$GPGSA,M,3,15,20,12,25,11,29,05,,,,,,2.2,1.4,1.7*31,1
1779390855650,$GPRMC,191415.000,A,1205.9919,S,07701.4755,W,10.20,114.99,210526,,,D*54,1
1779390856367,$GPGGA,191416.000,1205.9931,S,07701.4727,W,2,07,1.4,142.2,M,8.4,M,2.0,0000*4E,1
1779390856489,$GPGSA,M,3,15,20,12,25,11,29,05,,,,,,2.2,1.4,1.7*31,1
1779390856654,$GPRMC,191416.000,A,1205.9931,S,07701.4727,W,9.64,115.19,210526,,,D*69,1
1779390857362,$GPGGA,191417.000,1205.9943,S,07701.4701,W,2,07,1.4,142.2,M,8.4,M,3.0,0000*4F,1
1779390857483,$GPGSA,M,3,15,20,12,25,11,29,05,,,,,,2.2,1.4,1.7*31,1
1779390857648,$GPRMC,191417.000,A,1205.9943,S,07701.4701,W,9.61,114.97,210526,,,D*6B,1
1779390858368,$GPGGA,191418.000,1205.9955,S,07701.4675,W,2,07,1.4,142.0,M,8.4,M,2.0,0000*46,1
1779390858489,$GPGSA,M,3,15,20,12,25,11,29,05,,,,,,2.2,1.4,1.7*31,1
1779390858650,$GPGSV,3,1,12,15,69,326,44,20,51,020,45,12,47,223,42,25,26,264,37*73,1
1779390858810,$GPGSV,3,2,12,11,19,056,35,29,17,332,36,05,10,001,32,06,09,094,20*78,1
1779390858966,$GPGSV,3,3,12,19,19,138,41,24,45,178,41,48,33,280,42,13,39,037,*75,1
1779390859131,$GPRMC,191418.000,A,1205.9955,S,07701.4675,W,9.55,115.47,210526,,,D*6A,1
1779390859368,$GPGGA,191419.000,1205.9967,S,07701.4651,W,2,07,1.4,141.8,M,8.4,M,2.0,0000*4B,1
1779390859489,$GPGSA,M,3,15,20,12,25,11,29,05,,,,,,2.2,1.4,1.7*31,1
1779390859654,$GPRMC,191419.000,A,1205.9967,S,07701.4651,W,9.50,116.12,210526,,,D*6A,1
1779390860367,$GPGGA,191420.000,1205.9978,S,07701.4627,W,2,07,1.4,141.8,M,8.4,M,2.0,0000*4E,1
1779390860488,$GPGSA,M,3,15,20,12,25,11,29,05,,,,,,2.2,1.4,1.7*31,1
1779390860653,$GPRMC,191420.000,A,1205.9978,S,07701.4627,W,8.78,117.64,210526,,,D*64,1
1779390861362,$GPGGA,191421.000,1205.9989,S,07701.4607,W,2,07,1.4,141.7,M,8.4,M,3.0,0000*4D,1
1779390861483,$GPGSA,M,3,15,20,12,25,11,29,05,,,,,,2.2,1.4,1.7*31,1
1779390861648,$GPRMC,191421.000,A,1205.9989,S,07701.4607,W,7.11,117.28,210526,,,D*61,1
1779390862362,$GPGGA,191422.000,1205.9996,S,07701.4593,W,2,07,1.4,141.8,M,8.4,M,4.0,0000*46,1
1779390862484,$GPGSA,M,3,15,20,12,25,11,29,05,,,,,,2.2,1.4,1.7*31,1
1779390862649,$GPRMC,191422.000,A,1205.9996,S,07701.4593,W,3.61,116.02,210526,,,D*68,1
1779390863363,$GPGGA,191423.000,1205.9999,S,07701.4586,W,2,07,1.4,141.8,M,8.4,M,5.0,0000*4D,1
1779390863484,$GPGSA,M,3,15,20,12,25,11,29,05,,,,,,2.2,1.4,1.7*31,1
1779390863644,$GPGSV,3,1,12,15,69,326,45,20,51,020,42,12,47,223,42,25,26,264,35*77,1
1779390863805,$GPGSV,3,2,12,11,19,056,36,29,17,332,40,05,10,001,29,06,09,094,21*71,1
1779390863961,$GPGSV,3,3,12,19,19,138,41,24,45,178,40,48,33,280,41,13,39,037,*77,1
1779390864126,$GPRMC,191423.000,A,1205.9999,S,07701.4586,W,1.34,115.46,210526,,,D*63,1
1779390864369,$GPGGA,191424.000,1205.9999,S,07701.4586,W,2,07,1.4,141.7,M,8.4,M,6.0,0000*46,1
1779390864491,$GPGSA,M,3,15,20,12,25,11,29,05,,,,,,2.2,1.4,1.7*31,1
1779390864656,$GPRMC,191424.000,A,1205.9999,S,07701.4586,W,0.13,115.46,210526,,,D*60,1
1779390865369,$GPGGA,191425.000,1205.9999,S,07701.4587,W,2,07,1.4,141.7,M,8.4,M,2.0,0000*42,1
1779390865490,$GPGSA,M,3,15,20,12,25,11,29,05,,,,,,2.2,1.4,1.7*31,1
1779390865655,$GPRMC,191425.000,A,1205.9999,S,07701.4587,W,0.02,115.46,210526,,,D*60,1
1779390866369,$GPGGA,191426.000,1205.9999,S,07701.4587,W,2,07,1.4,141.7,M,8.4,M,2.0,0000*41,1
1779390866490,$GPGSA,M,3,15,20,12,25,11,29,05,,,,,,2.2,1.4,1.7*31,1
1779390866655,$GPRMC,191426.000,A,1205.9999,S,07701.4587,W,0.01,115.46,210526,,,D*60,1
1779390867370,$GPGGA,191427.000,1205.9999,S,07701.4587,W,2,07,1.4,141.7,M,8.4,M,2.0,0000*40,1
1779390867491,$GPGSA,M,3,15,20,12,25,11,29,05,,,,,,2.2,1.4,1.7*31,1
1779390867656,$GPRMC,191427.000,A,1205.9999,S,07701.4587,W,0.00,115.46,210526,,,D*60,0
1779390868369,$GPGGA,191428.000,1205.9999,S,07701.4587,W,2,07,1.4,141.7,M,8.4,M,2.0,0000*4F,0
1779390868490,$GPGSA,M,3,15,20,12,25,11,29,05,,,,,,2.2,1.4,1.7*31,0
1779390868651,$GPGSV,3,1,12,15,69,326,45,20,51,020,41,12,47,223,41,25,26,264,38*7A,0
1779390868811,$GPGSV,3,2,12,11,19,056,38,29,17,332,39,05,10,001,32,06,09,094,21*7B,0
1779390868967,$GPGSV,3,3,12,19,19,138,39,24,45,178,39,48,33,280,43,13,39,037,*74,0
1779390869132,$GPRMC,191428.000,A,1205.9999,S,07701.4587,W,0.00,115.46,210526,,,D*6F,0
1779390869363,$GPGGA,191429.000,1205.9999,S,07701.4587,W,2,07,1.4,141.7,M,8.4,M,3.0,0000*4F,0
1779390869484,$GPGSA,M,3,15,20,12,25,11,29,05,,,,,,2.2,1.4,1.7*31,0
1779390869649,$GPRMC,191429.000,A,1205.9999,S,07701.4587,W,0.00,115.46,210526,,,D*6E,0
1779390870370,$GPGGA,191430.000,1205.9999,S,07701.4587,W,2,07,1.4,141.7,M,8.4,M,4.0,0000*40,0
1779390870491,$GPGSA,M,3,15,20,12,25,11,29,05,,,,,,2.2,1.4,1.7*31,0
1779390870656,$GPRMC,191430.000,A,1205.9999,S,07701.4587,W,0.00,115.46,210526,,,D*66,0
1779390871369,$GPGGA,191431.000,1205.9999,S,07701.4587,W,2,07,1.4,141.7,M,8.4,M,2.0,0000*47,0
1779390871491,$GPGSA,M,3,15,20,12,25,11,29,05,,,,,,2.2,1.4,1.7*31,0
1779390871656,$GPRMC,191431.000,A,1205.9999,S,07701.4587,W,0.00,115.46,210526,,,D*67,0
1779390872368,$GPGGA,191432.000,1205.9999,S,07701.4587,W,2,07,1.4,141.7,M,8.4,M,2.0,0000*44,0
1779390872490,$GPGSA,M,3,15,20,12,25,11,29,05,,,,,,2.2,1.4,1.7*31,0
1779390872655,$GPRMC,191432.000,A,1205.9999,S,07701.4587,W,0.00,115.46,210526,,,D*64,0
1779390873368,$GPGGA,191433.000,1205.9999,S,07701.4587,W,2,07,1.4,141.7,M,8.4,M,2.0,0000*45,0
1779390873490,$GPGSA,M,3,15,20,12,25,11,29,05,,,,,,2.2,1.4,1.7*31,0
1779390873650,$GPGSV,3,1,12,15,69,326,45,20,51,020,41,12,47,223,41,25,26,264,38*7A,0
1779390873811,$GPGSV,3,2,12,11,19,056,40,29,17,332,40,05,10,001,33,06,09,094,27*7D,0
1779390873967,$GPGSV,3,3,12,19,19,138,39,24,45,178,39,48,33,280,43,13,39,037,*74,0
1779390874132,$GPRMC,191433.000,A,1205.9999,S,07701.4587,W,0.00,115.46,210526,,,D*65,0
1779390874369,$GPGGA,191434.000,1206.0001,S,07701.4583,W,2,07,1.4,141.7,M,8.4,M,2.0,0000*44,0
1779390874491,$GPGSA,M,3,15,20,12,25,11,29,05,,,,,,2.2,1.4,1.7*31,0
1779390874655,$GPRMC,191434.000,A,1206.0001,S,07701.4583,W,1.84,116.58,210526,,,D*65,0
1779390875370,$GPGGA,191435.000,1206.0007,S,07701.4573,W,2,07,1.4,141.7,M,8.4,M,2.0,0000*4C,0
1779390875491,$GPGSA,M,3,15,20,12,25,11,29,05,,,,,,2.2,1.4,1.7*31,0
1779390875656,$GPRMC,191435.000,A,1206.0007,S,07701.4573,W,4.58,115.07,210526,,,D*60,0
1779390876370,$GPGGA,191436.000,1206.0014,S,07701.4555,W,2,07,1.4,141.6,M,8.4,M,2.0,0000*48,0
1779390876491,$GPGSA,M,3,15,20,12,25,11,29,05,,,,,,2.2,1.4,1.7*31,0
1779390876656,$GPRMC,191436.000,A,1206.0014,S,07701.4555,W,7.04,113.51,210526,,,D*6A,0
1779390877367,$GPGGA,191437.000,1206.0023,S,07701.4535,W,2,07,1.4,141.7,M,8.4,M,2.0,0000*4A,0
1779390877489,$GPGSA,M,3,15,20,12,25,11,29,05,,,,,,2.2,1.4,1.7*31,0
1779390877654,$GPRMC,191437.000,A,1206.0023,S,07701.4535,W,8.05,113.23,210526,,,D*62,0
1779390878367,$GPGGA,191438.000,1206.0033,S,07701.4513,W,2,07,1.4,141.6,M,8.4,M,2.0,0000*41,0
1779390878488,$GPGSA,M,3,15,20,12,25,11,29,05,,,,,,2.2,1.4,1.7*31,0
1779390878649,$GPGSV,3,1,12,15,69,326,45,20,51,020,36,12,47,223,41,25,26,264,38*7A,0
1779390878809,$GPGSV,3,2,12,11,19,056,37,29,17,332,34,05,10,001,24,06,09,094,24*7B,0
1779390878965,$GPGSV,3,3,12,19,19,138,45,24,45,178,40,48,33,280,42,13,39,037,*70,0
1779390879130,$GPRMC,191438.000,A,1206.0033,S,07701.4513,W,8.60,113.69,210526,,,D*65,0
1779390879367,$GPGGA,191439.000,1206.0045,S,07701.4488,W,2,07,1.4,141.5,M,8.4,M,2.0,0000*41,0
1779390879488,$GPGSA,M,3,15,20,12,25,11,29,05,,,,,,2.2,1.4,1.7*31,0
1779390879653,$GPRMC,191439.000,A,1206.0045,S,07701.4488,W,9.49,114.56,210526,,,D*67,0
1779390880366,$GPGGA,191440.000,1206.0058,S,07701.4459,W,2,07,1.4,141.2,M,8.4,M,2.0,0000*48,0
1779390880488,$GPGSA,M,3,15,20,12,25,11,29,05,,,,,,2.2,1.4,1.7*31,0
1779390880655,$GPRMC,191440.000,A,1206.0058,S,07701.4459,W,10.90,113.80,210526,,,D*59,0
1779390881362,$GPGGA,191441.000,1206.0072,S,07701.4429,W,2,07,1.4,141.2,M,8.4,M,3.0,0000*47,0
1779390881484,$GPGSA,M,3,15,20,12,25,11,29,05,,,,,,2.2,1.4,1.7*31,0
1779390881651,$GPRMC,191441.000,A,1206.0072,S,07701.4429,W,12.56,114.54,210526,,,D*51,0
1779390882363,$GPGGA,191442.000,1206.0086,S,07701.4398,W,2,07,1.4,141.4,M,8.4,M,4.0,0000*43,0
1779390882485,$GPGSA,M,3,15,20,12,25,11,29,05,,,,,,2.2,1.4,1.7*31,0
1779390882652,$GPRMC,191442.000,A,1206.0086,S,07701.4398,W,11.79,114.72,210526,,,D*5E,0
1779390883369,$GPGGA,191443.000,1206.0100,S,07701.4368,W,2,07,1.4,141.5,M,8.4,M,2.0,0000*45,0
1779390883490,$GPGSA,M,3,15,20,12,25,11,29,05,,,,,,2.2,1.4,1.7*31,0
1779390883650,$GPGSV,3,1,12,15,69,326,45,20,51,020,37,12,47,223,43,25,26,264,38*79,0
1779390883811,$GPGSV,3,2,12,11,19,056,26,29,17,332,37,05,10,001,35,06,09,094,26*7A,0
1779390883967,$GPGSV,3,3,12,19,19,138,44,24,45,178,42,48,33,280,42,13,39,037,*73,0
1779390884134,$GPRMC,191443.000,A,1206.0100,S,07701.4368,W,11.73,113.44,210526,,,D*57,0
1779390884368,$GPGGA,191444.000,1206.0113,S,07701.4337,W,2,07,1.4,141.7,M,8.4,M,2.0,0000*48,0
1779390884490,$GPGSA,M,3,15,20,12,25,11,29,05,,,,,,2.2,1.4,1.7*31,0
1779390884657,$GPRMC,191444.000,A,1206.0113,S,07701.4337,W,12.20,111.50,210526,,,D*5A,0
1779390885369,$GPGGA,191445.000,1206.0126,S,07701.4306,W,2,07,1.4,142.1,M,8.4,M,2.0,0000*48,0
1779390885490,$GPGSA,M,3,15,20,12,25,11,29,05,,,,,,2.2,1.4,1.7*31,0
1779390885657,$GPRMC,191445.000,A,1206.0126,S,07701.4306,W,13.01,112.69,210526,,,D*54,0
1779390886369,$GPGGA,191446.000,1206.0140,S,07701.4274,W,2,07,1.4,142.3,M,8.4,M,2.0,0000*4D,0
1779390886490,$GPGSA,M,3,15,20,12,25,11,29,05,,,,,,2.2,1.4,1.7*31,0
1779390886658,$GPRMC,191446.000,A,1206.0140,S,07701.4274,W,12.92,113.05,210526,,,D*53,0
1779390887363,$GPGGA,191447.000,1206.0154,S,07701.4241,W,2,07,1.4,142.6,M,8.4,M,3.0,0000*4B,0
1779390887484,$GPGSA,M,3,15,20,12,25,11,29,05,,,,,,2.2,1.4,1.7*31,0
1779390887652,$GPRMC,191447.000,A,1206.0154,S,07701.4241,W,12.62,114.39,210526,,,D*56,0
1779390888367,$GPGGA,191448.000,1206.0170,S,07701.4207,W,2,07,1.4,142.1,M,8.4,M,4.0,0000*40,0
1779390888488,$GPGSA,M,3,15,20,12,25,11,29,05,,,,,,2.2,1.4,1.7*31,0
1779390888649,$GPGSV,3,1,12,15,69,326,45,20,51,020,43,12,47,223,44,25,26,264,39*7C,0
1779390888809,$GPGSV,3,2,12,11,19,056,41,29,17,332,38,05,10,001,37,06,09,094,31*70,0
1779390888965,$GPGSV,3,3,12,19,19,138,43,24,45,178,43,48,33,280,42,13,39,037,*75,0
1779390889132,$GPRMC,191448.000,A,1206.0170,S,07701.4207,W,11.77,115.42,210526,,,D*57,0
1779390889368,$GPGGA,191449.000,1206.0184,S,07701.4176,W,2,07,1.4,141.7,M,8.4,M,2.0,0000*4C,0
1779390889489,$GPGSA,M,3,15,20,12,25,11,29,05,,,,,,2.2,1.4,1.7*31,0
1779390889654,$GPRMC,191449.000,A,1206.0184,S,07701.4176,W,9.47,112.64,210526,,,D*61,0
1779390890369,$GPGGA,191450.000,1206.0191,S,07701.4152,W,2,07,1.4,141.8,M,8.4,M,2.0,0000*49,0
1779390890491,$GPGSA,M,3,15,20,12,25,11,29,05,,,,,,2.2,1.4,1.7*31,0
1779390890656,$GPRMC,191450.000,A,1206.0191,S,07701.4152,W,7.86,101.72,210526,,,D*6D,0
1779390891370,$GPGGA,191451.000,1206.0191,S,07701.4132,W,2,07,1.4,141.8,M,8.4,M,2.0,0000*4E,0
1779390891491,$GPGSA,M,3,15,20,12,25,11,29,05,,,,,,2.2,1.4,1.7*31,0
1779390891654,$GPRMC,191451.000,A,1206.0191,S,07701.4132,W,6.54,81.19,210526,,,D*50,0
1779390892364,$GPGGA,191452.000,1206.0184,S,07701.4117,W,2,07,1.4,141.8,M,8.4,M,3.0,0000*4F,0
1779390892485,$GPGSA,M,3,15,20,12,25,11,29,05,,,,,,2.2,1.4,1.7*31,0
1779390892648,$GPRMC,191452.000,A,1206.0184,S,07701.4117,W,6.05,55.08,210526,,,D*5D,0
1779390893369,$GPGGA,191453.000,1206.0170,S,07701.4107,W,2,07,1.4,141.8,M,8.4,M,4.0,0000*43,0
1779390893490,$GPGSA,M,3,15,20,12,25,11,29,05,,,,,,2.2,1.4,1.7*31,0
1779390893651,$GPGSV,3,1,12,15,69,326,45,20,51,020,44,12,47,223,44,25,26,264,41*74,0
1779390893811,$GPGSV,3,2,12,11,19,056,40,29,17,332,43,05,10,001,28,06,09,094,21*72,0
1779390893967,$GPGSV,3,3,12,19,19,138,35,24,45,178,43,48,33,280,44,13,39,037,*72,0
1779390894130,$GPRMC,191453.000,A,1206.0170,S,07701.4107,W,6.11,24.73,210526,,,D*59,0
1779390894365,$GPGGA,191454.000,1206.0153,S,07701.4107,W,2,07,1.4,141.7,M,8.4,M,5.0,0000*4B,0
1779390894486,$GPGSA,M,3,15,20,12,25,11,29,05,,,,,,2.2,1.4,1.7*31,0
1779390894651,$GPRMC,191454.000,A,1206.0153,S,07701.4107,W,6.36,352.43,210526,,,D*6B,0
1779390895370,$GPGGA,191455.000,1206.0135,S,07701.4116,W,2,07,1.4,141.7,M,8.4,M,2.0,0000*4D,0
1779390895491,$GPGSA,M,3,15,20,12,25,11,29,05,,,,,,2.2,1.4,1.7*31,0
1779390895656,$GPRMC,191455.000,A,1206.0135,S,07701.4116,W,7.34,323.30,210526,,,D*6B,0
1779390896363,$GPGGA,191456.000,1206.0120,S,07701.4135,W,2,07,1.4,141.5,M,8.4,M,3.0,0000*48,0
1779390896485,$GPGSA,M,3,15,20,12,25,11,29,05,,,,,,2.2,1.4,1.7*31,0
1779390896650,$GPRMC,191456.000,A,1206.0120,S,07701.4135,W,8.86,306.48,210526,,,D*63,0
1779390897367,$GPGGA,191457.000,1206.0106,S,07701.4158,W,2,06,1.4,141.5,M,8.4,M,2.0,0000*46,0
1779390897484,$GPGSA,M,3,15,20,12,25,11,29,,,,,,,2.3,1.4,1.8*3A,0
1779390897649,$GPRMC,191457.000,A,1206.0106,S,07701.4158,W,9.95,298.34,210526,,,D*63,0
1779390898367,$GPGGA,191458.000,1206.0093,S,07701.4184,W,2,06,1.4,141.4,M,8.4,M,3.0,0000*45,0
1779390898484,$GPGSA,M,3,15,20,12,25,11,29,,,,,,,2.3,1.4,1.8*3A,0
1779390898644,$GPGSV,3,1,12,15,69,326,45,20,51,020,43,12,47,223,45,25,26,264,33*77,0
1779390898805,$GPGSV,3,2,12,11,19,056,28,29,17,332,39,06,09,094,18,13,39,037,45*79,0
1779390898960,$GPGSV,3,3,12,19,19,138,44,24,45,178,44,48,33,280,42,14,23,216,*78,0
1779390899128,$GPRMC,191458.000,A,1206.0093,S,07701.4184,W,10.38,295.72,210526,,,D*50,0
1779390899363,$GPGGA,191459.000,1206.0080,S,07701.4212,W,2,07,1.4,141.5,M,8.4,M,4.0,0000*4D,0
1779390899485,$GPGSA,M,3,15,20,12,25,11,29,05,,,,,,2.2,1.4,1.7*31,0
1779390899652,$GPRMC,191459.000,A,1206.0080,S,07701.4212,W,10.74,295.06,210526,,,D*54,0
1779390900363,$GPGGA,191500.000,1206.0067,S,07701.4241,W,2,07,1.4,141.3,M,8.4,M,5.0,0000*48,0
1779390900485,$GPGSA,M,3,15,20,12,25,11,29,05,,,,,,2.2,1.4,1.7*31,0
1779390900652,$GPRMC,191500.000,A,1206.0067,S,07701.4241,W,11.06,293.69,210526,,,D*5D,0
1779390901370,$GPGGA,191501.000,1206.0054,S,07701.4271,W,2,07,1.4,141.2,M,8.4,M,2.0,0000*4C,0
1779390901491,$GPGSA,M,3,15,20,12,25,11,29,05,,,,,,2.2,1.4,1.7*31,0
1779390901659,$GPRMC,191501.000,A,1206.0054,S,07701.4271,W,11.23,292.73,210526,,,D*52,0
1779390902364,$GPGGA,191502.000,1206.0042,S,07701.4301,W,2,07,1.4,141.2,M,8.4,M,3.0,0000*4F,0
1779390902485,$GPGSA,M,3,15,20,12,25,11,29,05,,,,,,2.2,1.4,1.7*31,0
1779390902652,$GPRMC,191502.000,A,1206.0042,S,07701.4301,W,11.31,293.63,210526,,,D*53,0
1779390903364,$GPGGA,191503.000,1206.0030,S,07701.4330,W,2,07,1.4,141.1,M,8.4,M,4.0,0000*4D,0
1779390903485,$GPGSA,M,3,15,20,12,25,11,29,05,,,,,,2.2,1.4,1.7*31,0
1779390903646,$GPGSV,3,1,12,15,69,326,45,20,51,020,43,12,47,223,43,25,26,264,36*74,0
1779390903806,$GPGSV,3,2,12,11,19,056,21,29,17,332,42,05,10,001,25,06,09,094,18*73,0
1779390903962,$GPGSV,3,3,12,19,19,138,32,24,45,178,43,48,33,280,34,13,39,037,*72,0
1779390904129,$GPRMC,191503.000,A,1206.0030,S,07701.4330,W,10.68,294.18,210526,,,D*53,0
1779390904363,$GPGGA,191504.000,1206.0017,S,07701.4357,W,2,07,1.4,141.0,M,8.4,M,5.0,0000*4E,0
1779390904485,$GPGSA,M,3,15,20,12,25,11,29,05,,,,,,2.2,1.4,1.7*31,0
1779390904652,$GPRMC,191504.000,A,1206.0017,S,07701.4357,W,10.07,295.49,210526,,,D*5C,0
1779390905363,$GPGGA,191505.000,1206.0005,S,07701.4383,W,2,07,1.4,141.0,M,8.4,M,6.0,0000*46,0
1779390905485,$GPGSA,M,3,15,20,12,25,11,29,05,,,,,,2.2,1.4,1.7*31,0
1779390905650,$GPRMC,191505.000,A,1206.0005,S,07701.4383,W,9.65,293.84,210526,,,D*6C,0
1779390906364,$GPGGA,191506.000,1205.9995,S,07701.4408,W,2,07,1.4,141.1,M,8.4,M,7.0,0000*4B,0
1779390906485,$GPGSA,M,3,15,20,12,25,11,29,05,,,,,,2.2,1.4,1.7*31,0
1779390906650,$GPRMC,191506.000,A,1205.9995,S,07701.4408,W,9.14,293.29,210526,,,D*60,0
1779390907364,$GPGGA,191507.000,1205.9986,S,07701.4431,W,2,07,1.4,141.0,M,8.4,M,8.0,0000*4C,0
1779390907485,$GPGSA,M,3,15,20,12,25,11,29,05,,,,,,2.2,1.4,1.7*31,0
1779390907650,$GPRMC,191507.000,A,1205.9986,S,07701.4431,W,8.53,289.67,210526,,,D*6A,0
1779390908363,$GPGGA,191508.000,1205.9980,S,07701.4453,W,2,06,1.4,141.0,M,8.4,M,9.0,0000*41,0
1779390908480,$GPGSA,M,3,15,20,12,25,11,29,,,,,,,2.3,1.4,1.8*3A,0
1779390908640,$GPGSV,3,1,12,15,69,326,45,20,51,020,42,12,47,223,40,25,26,264,31*71,0
1779390908800,$GPGSV,3,2,12,11,19,056,29,29,17,332,44,05,10,001,27,06,09,094,19*7E,0
1779390908956,$GPGSV,3,3,12,19,19,138,37,24,45,178,39,48,33,280,35,13,39,037,*7B,0
1779390909121,$GPRMC,191508.000,A,1205.9980,S,07701.4453,W,7.94,287.50,210526,,,D*69,0
1779390909367,$GPGGA,191509.000,1205.9973,S,07701.4475,W,2,07,1.4,141.0,M,8.4,M,10.0,0000*71,0
1779390909488,$GPGSA,M,3,15,20,12,25,11,29,05,,,,,,2.2,1.4,1.7*31,0
1779390909653,$GPRMC,191509.000,A,1205.9973,S,07701.4475,W,7.52,289.95,210526,,,D*6D,0
1779390910365,$GPGGA,191510.000,1205.9965,S,07701.4493,W,2,06,1.4,141.0,M,8.4,M,11.0,0000*76,0
1779390910482,$GPGSA,M,3,15,20,12,25,11,29,,,,,,,2.3,1.4,1.8*3A,0
1779390910647,$GPRMC,191510.000,A,1205.9965,S,07701.4493,W,7.04,293.61,210526,,,D*69,0
1779390911366,$GPGGA,191511.000,1205.9958,S,07701.4510,W,2,06,1.4,140.8,M,8.4,M,12.0,0000*79,0
1779390911483,$GPGSA,M,3,15,20,12,25,11,29,,,,,,,2.3,1.4,1.8*3A,0
1779390911647,$GPRMC,191511.000,A,1205.9958,S,07701.4510,W,6.89,293.96,210526,,,D*60,0
1779390912365,$GPGGA,191512.000,1205.9949,S,07701.4526,W,2,06,1.4,140.8,M,8.4,M,13.0,0000*7E,0
1779390912482,$GPGSA,M,3,15,20,12,25,11,29,,,,,,,2.3,1.4,1.8*3A,0
1779390912647,$GPRMC,191512.000,A,1205.9949,S,07701.4526,W,6.78,296.86,210526,,,D*6C,0
1779390913365,$GPGGA,191513.000,1205.9942,S,07701.4542,W,2,06,1.4,140.7,M,8.4,M,14.0,0000*7E,0
1779390913482,$GPGSA,M,3,15,20,12,25,11,29,,,,,,,2.3,1.4,1.8*3A,0
1779390913643,$GPGSV,3,1,12,15,69,326,44,20,51,020,42,12,47,223,38,25,26,264,34*7A,0
1779390913803,$GPGSV,3,2,12,11,19,056,39,29,17,332,33,05,10,001,26,06,09,094,20*74,0
1779390913959,$GPGSV,3,3,12,19,19,138,36,24,45,178,38,48,33,280,34,13,39,037,*7A,0
1779390914124,$GPRMC,191513.000,A,1205.9942,S,07701.4542,W,6.15,297.07,210526,,,D*67,0
1779390914367,$GPGGA,191514.000,1205.9937,S,07701.4553,W,2,07,1.4,140.6,M,8.4,M,15.0,0000*7A,0
1779390914488,$GPGSA,M,3,15,20,12,25,11,29,05,,,,,,2.2,1.4,1.7*31,0
1779390914653,$GPRMC,191514.000,A,1205.9937,S,07701.4553,W,3.39,294.94,210526,,,D*60,0
1779390915367,$GPGGA,191515.000,1205.9937,S,07701.4555,W,2,06,1.4,140.5,M,8.4,M,16.0,0000*7C,0
1779390915484,$GPGSA,M,3,15,20,12,25,11,29,,,,,,,2.3,1.4,1.8*3A,0
1779390915649,$GPRMC,191515.000,A,1205.9937,S,07701.4555,W,0.98,294.94,210526,,,D*6F,0
1779390916366,$GPGGA,191516.000,1205.9938,S,07701.4551,W,2,06,1.4,140.5,M,8.4,M,17.0,0000*75,0
1779390916483,$GPGSA,M,3,15,20,12,25,11,29,,,,,,,2.3,1.4,1.8*3A,0
1779390916648,$GPRMC,191516.000,A,1205.9938,S,07701.4551,W,0.15,294.94,210526,,,D*62,0
1779390917366,$GPGGA,191517.000,1205.9938,S,07701.4551,W,2,06,1.4,140.5,M,8.4,M,18.0,0000*7B,0
1779390917483,$GPGSA,M,3,15,20,12,25,11,29,,,,,,,2.3,1.4,1.8*3A,0
1779390917648,$GPRMC,191517.000,A,1205.9938,S,07701.4551,W,0.04,294.94,210526,,,D*63,0
1779390918367,$GPGGA,191518.000,1205.9938,S,07701.4550,W,1,09,0.9,140.5,M,8.4,M,,0000*62,0
1779390918497,$GPGSA,M,3,15,20,12,24,25,11,19,29,06,,,,1.7,0.9,1.5*34,0
1779390918658,$GPGSV,3,1,12,15,69,326,44,20,51,020,43,12,47,223,42,24,45,178,36*7E,0
1779390918818,$GPGSV,3,2,12,25,26,264,38,11,19,056,38,19,19,138,36,29,17,332,44*73,0
1779390918974,$GPGSV,3,3,12,06,09,094,20,05,10,001,26,48,33,280,37,13,39,037,*75,0
1779390919139,$GPRMC,191518.000,A,1205.9938,S,07701.4550,W,0.01,294.94,210526,,,A*6D,0
1779390919367,$GPGGA,191519.000,1205.9938,S,07701.4550,W,1,09,0.9,140.5,M,8.4,M,,0000*63,0
1779390919497,$GPGSA,M,3,15,20,12,24,25,11,19,29,06,,,,1.7,0.9,1.5*34,0
1779390919662,$GPRMC,191519.000,A,1205.9938,S,07701.4550,W,0.00,294.94,210526,,,A*6D,0
1779390920367,$GPGGA,191520.000,1205.9938,S,07701.4550,W,1,09,0.9,140.5,M,8.4,M,,0000*69,0
1779390920497,$GPGSA,M,3,15,20,12,24,25,11,19,29,06,,,,1.7,0.9,1.5*34,0
1779390920662,$GPRMC,191520.000,A,1205.9938,S,07701.4550,W,0.00,294.94,210526,,,A*67,0
1779390921369,$GPGGA,191521.000,1205.9938,S,07701.4550,W,2,06,1.4,140.5,M,8.4,M,2.0,0000*44,0
1779390921486,$GPGSA,M,3,15,20,12,25,11,29,,,,,,,2.3,1.4,1.8*3A,0
1779390921651,$GPRMC,191521.000,A,1205.9938,S,07701.4550,W,0.00,294.94,210526,,,D*63,0
1779390922369,$GPGGA,191522.000,1205.9938,S,07701.4550,W,2,06,1.4,140.5,M,8.4,M,2.0,0000*47,0
1779390922486,$GPGSA,M,3,15,20,12,25,11,29,,,,,,,2.3,1.4,1.8*3A,0
1779390922651,$GPRMC,191522.000,A,1205.9938,S,07701.4550,W,0.00,294.94,210526,,,D*60,0
1779390923370,$GPGGA,191523.000,1205.9938,S,07701.4550,W,2,06,1.4,140.5,M,8.4,M,2.0,0000*46,0
1779390923487,$GPGSA,M,3,15,20,12,25,11,29,,,,,,,2.3,1.4,1.8*3A,0
1779390923647,$GPGSV,3,1,12,15,69,326,44,20,51,020,44,12,47,223,43,25,26,264,37*73,0
1779390923808,$GPGSV,3,2,12,11,19,056,38,29,17,332,44,05,10,001,27,06,09,094,20*74,0
1779390923963,$GPGSV,3,3,12,19,19,138,37,24,45,178,36,48,33,280,39,13,39,037,*78,0
1779390924128,$GPRMC,191523.000,A,1205.9938,S,07701.4550,W,0.00,294.94,210526,,,D*61,0
1779390924370,$GPGGA,191524.000,1205.9938,S,07701.4549,W,2,06,1.4,140.0,M,8.4,M,2.0,0000*4C,0
1779390924487,$GPGSA,M,3,15,20,12,25,11,29,,,,,,,2.3,1.4,1.8*3A,0
1779390924652,$GPRMC,191524.000,A,1205.9938,S,07701.4549,W,0.01,294.94,210526,,,D*6F,0
1779390925370,$GPGGA,191525.000,1205.9938,S,07701.4549,W,2,06,1.4,140.0,M,8.4,M,2.0,0000*4D,0
1779390925486,$GPGSA,M,3,15,20,12,25,11,29,,,,,,,2.3,1.4,1.8*3A,0
1779390925651,$GPRMC,191525.000,A,1205.9938,S,07701.4549,W,0.00,294.94,210526,,,D*6F,0
1779390926370,$GPGGA,191526.000,1205.9938,S,07701.4549,W,2,06,1.4,140.0,M,8.4,M,2.0,0000*4E,0
1779390926486,$GPGSA,M,3,15,20,12,25,11,29,,,,,,,2.3,1.4,1.8*3A,0
1779390926651,$GPRMC,191526.000,A,1205.9938,S,07701.4549,W,0.00,294.94,210526,,,D*6C,0
1779390927370,$GPGGA,191527.000,1205.9938,S,07701.4549,W,2,06,1.4,140.0,M,8.4,M,2.0,0000*4F,0
1779390927487,$GPGSA,M,3,15,20,12,25,11,29,,,,,,,2.3,1.4,1.8*3A,0
1779390927652,$GPRMC,191527.000,A,1205.9938,S,07701.4549,W,0.00,294.94,210526,,,D*6D,0
1779390928369,$GPGGA,191528.000,1205.9938,S,07701.4549,W,2,06,1.4,140.0,M,8.4,M,2.0,0000*40,0
1779390928486,$GPGSA,M,3,15,20,12,25,11,29,,,,,,,2.3,1.4,1.8*3A,0
1779390928646,$GPGSV,3,1,12,15,69,326,45,20,51,020,45,12,47,223,43,25,26,264,36*72,0
1779390928807,$GPGSV,3,2,12,11,19,056,39,29,17,332,43,05,10,001,27,06,09,094,21*73,0
1779390928963,$GPGSV,3,3,12,19,19,138,37,24,45,178,36,48,33,280,37,13,39,037,*76,0
1779390929128,$GPRMC,191528.000,A,1205.9938,S,07701.4549,W,0.00,294.94,210526,,,D*62,0
1779390929364,$GPGGA,191529.000,1205.9938,S,07701.4549,W,2,06,1.4,140.0,M,8.4,M,3.0,0000*40,0
1779390929481,$GPGSA,M,3,15,20,12,25,11,29,,,,,,,2.3,1.4,1.8*3A,0
1779390929646,$GPRMC,191529.000,A,1205.9938,S,07701.4549,W,0.00,294.94,210526,,,D*63,0
1779390930366,$GPGGA,191530.000,1205.9938,S,07701.4549,W,2,06,1.4,140.0,M,8.4,M,4.0,0000*4F,0
1779390930483,$GPGSA,M,3,15,20,12,25,11,29,,,,,,,2.3,1.4,1.8*3A,0
1779390930648,$GPRMC,191530.000,A,1205.9938,S,07701.4549,W,0.00,294.94,210526,,,D*6B,0
1779390931365,$GPGGA,191531.000,1205.9938,S,07701.4549,W,2,06,1.4,139.9,M,8.4,M,5.0,0000*48,0
1779390931482,$GPGSA,M,3,15,20,12,25,11,29,,,,,,,2.3,1.4,1.8*3A,0
1779390931647,$GPRMC,191531.000,A,1205.9938,S,07701.4549,W,0.00,294.94,210526,,,D*6A,0
1779390932364,$GPGGA,191532.000,1205.9938,S,07701.4549,W,2,06,1.4,139.9,M,8.4,M,6.0,0000*48,0
1779390932481,$GPGSA,M,3,15,20,12,25,11,29,,,,,,,2.3,1.4,1.8*3A,0
1779390932646,$GPRMC,191532.000,A,1205.9938,S,07701.4549,W,0.00,294.94,210526,,,D*69,0
1779390933370,$GPGGA,191533.000,1205.9938,S,07701.4549,W,2,06,1.4,139.9,M,8.4,M,2.0,0000*4D,0
1779390933487,$GPGSA,M,3,15,20,12,25,11,29,,,,,,,2.3,1.4,1.8*3A,0
1779390933647,$GPGSV,3,1,12,15,69,326,45,20,51,020,44,12,47,223,43,25,26,264,36*73,0
1779390933807,$GPGSV,3,2,12,11,19,056,40,29,17,332,43,05,10,001,28,06,09,094,22*71,0
1779390933963,$GPGSV,3,3,12,19,19,138,36,24,45,178,36,48,33,280,37,13,39,037,*77,0
1779390934128,$GPRMC,191533.000,A,1205.9938,S,07701.4549,W,0.00,294.94,210526,,,D*68,0
1779390934370,$GPGGA,191534.000,1205.9938,S,07701.4549,W,2,06,1.4,139.9,M,8.4,M,2.0,0000*4A,0
1779390934487,$GPGSA,M,3,15,20,12,25,11,29,,,,,,,2.3,1.4,1.8*3A,0
1779390934652,$GPRMC,191534.000,A,1205.9938,S,07701.4549,W,0.00,294.94,210526,,,D*6F,0
1779390935365,$GPGGA,191535.000,1205.9938,S,07701.4549,W,2,06,1.4,139.9,M,8.4,M,3.0,0000*4A,0
1779390935482,$GPGSA,M,3,15,20,12,25,11,29,,,,,,,2.3,1.4,1.8*3A,0
1779390935647,$GPRMC,191535.000,A,1205.9938,S,07701.4549,W,0.00,294.94,210526,,,D*6E,0
1779390936371,$GPGGA,191536.000,1205.9938,S,07701.4549,W,2,06,1.4,139.9,M,8.4,M,4.0,0000*4E,0
1779390936488,$GPGSA,M,3,15,20,12,25,11,29,,,,,,,2.3,1.4,1.8*3A,0
1779390936653,$GPRMC,191536.000,A,1205.9938,S,07701.4549,W,0.00,294.94,210526,,,D*6D,0
1779390937370,$GPGGA,191537.000,1205.9938,S,07701.4549,W,2,06,1.4,139.9,M,8.4,M,2.0,0000*49,0
1779390937487,$GPGSA,M,3,15,20,12,25,11,29,,,,,,,2.3,1.4,1.8*3A,0
1779390937652,$GPRMC,191537.000,A,1205.9938,S,07701.4549,W,0.00,294.94,210526,,,D*6C,0
1779390938370,$GPGGA,191538.000,1205.9938,S,07701.4549,W,2,06,1.4,139.9,M,8.4,M,2.0,0000*46,0
1779390938487,$GPGSA,M,3,15,20,12,25,11,29,,,,,,,2.3,1.4,1.8*3A,0
1779390938647,$GPGSV,3,1,12,15,69,326,45,20,51,020,44,12,47,223,43,25,26,264,36*73,0
1779390938808,$GPGSV,3,2,12,11,19,056,40,29,17,332,44,05,10,001,27,06,09,094,29*72,0
1779390938964,$GPGSV,3,3,12,19,19,138,36,24,45,178,36,48,33,280,38,13,39,037,*78,0
1779390939129,$GPRMC,191538.000,A,1205.9938,S,07701.4549,W,0.00,294.94,210526,,,D*63,0
1779390939370,$GPGGA,191539.000,1205.9938,S,07701.4549,W,2,06,1.4,139.9,M,8.4,M,2.0,0000*47,0
1779390939487,$GPGSA,M,3,15,20,12,25,11,29,,,,,,,2.3,1.4,1.9*3B,0
1779390939652,$GPRMC,191539.000,A,1205.9938,S,07701.4549,W,0.00,294.94,210526,,,D*62,0
1779390940364,$GPGGA,191540.000,1205.9938,S,07701.4549,W,2,06,1.4,139.9,M,8.4,M,3.0,0000*48,0
1779390940481,$GPGSA,M,3,15,20,12,25,11,29,,,,,,,2.3,1.4,1.9*3B,0
1779390940646,$GPRMC,191540.000,A,1205.9938,S,07701.4549,W,0.00,294.94,210526,,,D*6C,0
1779390941370,$GPGGA,191541.000,1205.9938,S,07701.4549,W,2,06,1.4,139.9,M,8.4,M,4.0,0000*4E,0
1779390941487,$GPGSA,M,3,15,20,12,25,11,29,,,,,,,2.3,1.4,1.9*3B,0
1779390941652,$GPRMC,191541.000,A,1205.9938,S,07701.4549,W,0.00,294.94,210526,,,D*6D,0
